Date,Price,Open,High,Low,Vol.,Change %
3/20/2018,29.66,29.61,29.68,29.58,673.31K,0.41
3/19/2018,29.54,29.65,29.66,29.42,1.09M,-0.4
3/16/2018,29.66,29.66,29.8,29.63,265.27K,0.1
3/15/2018,29.63,29.61,29.69,29.55,549.28K,0.24
3/14/2018,29.56,29.57,29.65,29.49,172.65K,0.2
3/13/2018,29.5,29.55,29.64,29.48,755.82K,0.1
3/12/2018,29.47,29.51,29.58,29.38,1.09M,0
3/9/2018,29.47,29.5,29.51,29.29,766.09K,0.44
3/8/2018,29.34,29.28,29.37,29.2,738.51K,0.55
3/7/2018,29.18,29.08,29.38,29.04,1.07M,-0.07
3/6/2018,29.2,29.26,29.26,29.12,1.46M,0.17
3/5/2018,29.15,28.91,29.22,28.83,1.84M,0.48
3/2/2018,29.01,28.93,29.06,28.87,452.49K,-0.41
3/1/2018,29.13,29.23,29.26,28.99,915.89K,-0.17
2/28/2018,29.18,29.59,29.65,29.18,1.12M,-1.25
2/27/2018,29.55,29.5,29.61,29.42,1.45M,0.24
2/26/2018,29.48,29.56,29.56,29.42,592.62K,0.07
2/23/2018,29.46,29.31,29.47,29.23,664.41K,0.92
2/22/2018,29.19,29.5,29.5,29.12,929.25K,-0.1
2/21/2018,29.22,28.87,29.3,28.87,1.01M,1.56
2/20/2018,28.77,28.81,28.95,28.63,565.41K,-0.17
2/16/2018,28.82,28.95,28.95,28.79,268.17K,-0.41
2/15/2018,28.94,29.12,29.12,28.73,460.25K,0.35
2/14/2018,28.84,28.52,28.96,28.43,748.48K,1.09
2/13/2018,28.53,28.51,28.6,28.4,367.84K,-0.04
2/12/2018,28.54,28.58,28.65,28.34,770.62K,0.78
2/9/2018,28.32,28.47,28.47,27.96,1.25M,-0.21
2/8/2018,28.38,28.92,28.92,28.37,1.42M,-1.94
2/7/2018,28.94,29,29.04,28.85,570.66K,0.1
2/6/2018,28.91,28.21,28.99,28.03,953.57K,0.28
2/5/2018,28.83,29.23,29.35,28.69,1.84M,-2.6
2/2/2018,29.6,29.81,29.95,29.59,948.93K,-1.14
2/1/2018,29.94,30.04,30.04,29.83,792.54K,-0.5
1/31/2018,30.09,30.08,30.14,29.96,350.17K,-0.07
1/30/2018,30.11,29.98,30.15,29.97,379.21K,0.1
1/29/2018,30.08,30.16,30.16,30.03,295.41K,-0.53
1/26/2018,30.24,30.29,30.29,30.12,377.20K,-0.3
1/25/2018,30.33,30.36,30.36,30.19,540.70K,0.03
1/24/2018,30.32,30.45,30.45,30.2,635.21K,-0.36
1/23/2018,30.43,30.54,30.59,30.36,909.43K,-0.23
1/22/2018,30.5,30.46,30.65,30.46,365.55K,0.2
1/19/2018,30.44,30.33,30.52,30.33,490.80K,0.56
1/18/2018,30.27,30.27,30.32,30.25,392.83K,0.23
1/17/2018,30.2,30.15,30.27,30.1,548.54K,0.37
1/16/2018,30.09,30.17,30.19,30.03,835.34K,0
1/15/2018,30.09,30.15,30.17,30.09,54.22K,-0.03
1/12/2018,30.1,30.12,30.18,30.05,700.24K,-0.13
1/11/2018,30.14,30.21,30.26,30.09,716.86K,-0.13
1/10/2018,30.18,30.16,30.34,30.13,549.28K,-0.03
1/9/2018,30.19,30.15,30.21,30.1,226.76K,0.3
1/8/2018,30.1,30.18,30.21,30.1,260.41K,-0.23
1/5/2018,30.17,30.12,30.19,30.01,354.62K,0.3
1/4/2018,30.08,29.92,30.13,29.86,802.50K,0.77
1/3/2018,29.85,29.72,29.9,29.72,306.24K,0.47
1/2/2018,29.71,29.68,29.83,29.63,273.76K,0
12/29/2017,29.71,29.67,29.71,29.59,158.60K,0.24
12/28/2017,29.64,29.58,29.64,29.49,161.00K,0.2
12/27/2017,29.58,29.59,29.67,29.55,173.01K,-0.4
12/22/2017,29.7,29.8,29.8,29.7,139.69K,-0.4
12/21/2017,29.82,29.69,29.86,29.68,308.49K,0.51
12/20/2017,29.67,29.83,29.83,29.6,274.43K,-0.1
12/19/2017,29.7,29.75,29.84,29.7,189.96K,0.1
12/18/2017,29.67,29.62,29.8,29.62,608.51K,1.54
12/15/2017,29.22,29.27,29.32,29.14,518.36K,0
12/14/2017,29.22,29.34,29.44,29.18,441.29K,-0.48
12/13/2017,29.36,29.45,29.48,29.33,589.48K,-0.2
12/12/2017,29.42,29.43,29.45,29.39,313.42K,-0.84
12/11/2017,29.67,29.74,29.75,29.65,310.42K,-0.27
12/8/2017,29.75,29.65,29.8,29.64,115.25K,0.44
12/7/2017,29.62,29.52,29.65,29.43,738.49K,0.51
12/6/2017,29.47,29.26,29.59,29.21,576.67K,0.44
12/5/2017,29.34,29.48,29.6,29.27,846.40K,-0.68
12/4/2017,29.54,29.69,29.76,29.52,222.58K,-0.1
12/1/2017,29.57,29.42,29.61,29.38,527.03K,0.48
11/30/2017,29.43,29.42,29.61,29.31,601.15K,0
11/29/2017,29.43,29.41,29.45,29.32,284.83K,0.34
11/28/2017,29.33,29.33,29.37,29.24,603.93K,-0.58
11/27/2017,29.5,29.56,29.62,29.48,119.43K,0
11/24/2017,29.5,29.55,29.58,29.45,227.91K,0
11/23/2017,29.5,29.6,29.61,29.47,81.36K,-0.24
11/22/2017,29.57,29.57,29.65,29.5,476.58K,0
11/21/2017,29.57,29.68,29.68,29.57,324.22K,-0.07
11/20/2017,29.59,29.49,29.68,29.49,327.37K,0.24
11/17/2017,29.52,29.41,29.59,29.39,645.39K,0.44
11/16/2017,29.39,29.23,29.41,29.23,338.42K,0.75
11/15/2017,29.17,29,29.19,28.99,326.14K,0.14
11/14/2017,29.13,29.04,29.17,29.04,312.73K,-0.1
11/13/2017,29.16,29.01,29.19,28.99,301.10K,0.14
11/10/2017,29.12,29.26,29.31,29.03,350.08K,-0.55
11/9/2017,29.28,29.33,29.34,29.23,483.86K,-0.51
11/8/2017,29.43,29.49,29.49,29.37,269.94K,-0.2
11/7/2017,29.49,29.47,29.52,29.42,248.73K,0.1
11/6/2017,29.46,29.46,29.49,29.41,135.71K,0.1
11/3/2017,29.43,29.37,29.43,29.32,142.76K,0.1
11/2/2017,29.4,29.29,29.41,29.25,307.39K,0.41
11/1/2017,29.28,29.38,29.4,29.27,180.62K,-0.03
10/31/2017,29.29,29.24,29.4,29.24,117.21K,0.14
10/30/2017,29.25,29.23,29.32,29.19,141.74K,0.03
10/27/2017,29.24,29.23,29.29,29.15,182.73K,-0.17
10/26/2017,29.29,29.23,29.35,29.23,176.16K,0.45
10/25/2017,29.16,29.2,29.3,29.1,229.36K,-0.03
10/24/2017,29.17,29.05,29.19,29.05,162.36K,0.62
10/23/2017,28.99,29,29.05,28.97,66.41K,0.17
10/20/2017,28.94,29.04,29.1,28.93,145.65K,0.07
10/19/2017,28.92,28.72,28.94,28.72,278.50K,0.38
10/18/2017,28.81,28.74,28.87,28.74,172.59K,0.31
10/17/2017,28.72,28.71,28.78,28.7,408.34K,0.17
10/16/2017,28.67,28.72,28.77,28.67,103.30K,0.03
10/13/2017,28.66,28.58,28.73,28.58,134.14K,0.28
10/12/2017,28.58,28.71,28.71,28.57,306.28K,-0.38
10/11/2017,28.69,28.61,28.72,28.61,184.45K,0.38
10/10/2017,28.58,28.46,28.64,28.46,241.90K,0.42
10/6/2017,28.46,28.49,28.52,28.35,146.58K,-0.21
10/5/2017,28.52,28.43,28.53,28.43,78.07K,0.28
10/4/2017,28.44,28.45,28.47,28.37,309.80K,0.04
10/3/2017,28.43,28.29,28.44,28.27,516.17K,0.71
10/2/2017,28.23,28.12,28.29,28.11,676.07K,0.75
9/29/2017,28.02,28.01,28.16,28,262.85K,0.29
9/28/2017,27.94,27.83,27.99,27.83,305.72K,0.4
9/27/2017,27.83,27.67,27.87,27.65,778.49K,0.65
9/26/2017,27.65,27.69,27.72,27.63,581.54K,-0.07
9/25/2017,27.67,27.64,27.68,27.58,201.79K,0.22
9/22/2017,27.61,27.5,27.64,27.5,190.16K,0.29
9/21/2017,27.53,27.33,27.6,27.31,1.01M,0.95
9/20/2017,27.27,27.17,27.28,27.17,1.18M,0.52
9/19/2017,27.13,27.04,27.18,27.03,111.16K,0.41
9/18/2017,27.02,27.05,27.08,26.97,147.44K,0.11
9/15/2017,26.99,27.02,27.05,26.96,295.91K,-0.22
9/14/2017,27.05,27.02,27.07,27.01,210.11K,0.15
9/13/2017,27.01,26.95,27.06,26.95,205.23K,0.33
9/12/2017,26.92,26.8,26.96,26.76,474.44K,0.6
9/11/2017,26.76,26.68,26.77,26.64,541.43K,0.79
9/8/2017,26.55,26.48,26.55,26.47,297.54K,0.26
9/7/2017,26.48,26.63,26.63,26.46,255.51K,-0.41
9/6/2017,26.59,26.67,26.73,26.51,362.88K,0.04
9/5/2017,26.58,26.72,26.74,26.49,538.02K,-0.86
9/1/2017,26.81,26.91,26.91,26.81,375.71K,-0.07
8/31/2017,26.83,26.9,26.96,26.77,269.23K,0.45
8/30/2017,26.71,26.61,26.82,26.6,742.76K,0.79
8/29/2017,26.5,26.49,26.52,26.26,497.87K,-0.56
8/28/2017,26.65,26.79,26.79,26.59,286.34K,-0.67
8/25/2017,26.83,26.82,26.89,26.77,169.33K,0.11
8/24/2017,26.8,27.01,27.01,26.78,469.32K,-0.22
8/23/2017,26.86,26.62,27.01,26.62,629.41K,0.67
8/22/2017,26.68,26.74,26.75,26.66,300.47K,-0.11
8/21/2017,26.71,26.61,26.75,26.59,271.38K,0.3
8/18/2017,26.63,26.65,26.65,26.45,568.23K,-0.26
8/17/2017,26.7,26.74,26.86,26.66,635.35K,-0.26
8/16/2017,26.77,26.96,26.99,26.76,767.88K,-0.37
8/15/2017,26.87,27.01,27.01,26.86,263.74K,-0.07
8/14/2017,26.89,26.81,27.04,26.81,874.59K,1.01
8/11/2017,26.62,26.73,26.85,26.52,815.48K,-0.56
8/10/2017,26.77,27.01,27.03,26.72,1.13M,-1.22
8/9/2017,27.1,27.1,27.22,27.02,264.28K,-0.4
8/8/2017,27.21,27.12,27.26,27.11,340.68K,0.29
8/4/2017,27.13,27.17,27.22,27.07,590.04K,0.26
8/3/2017,27.06,27.16,27.2,27.04,331.44K,-0.44
8/2/2017,27.18,27.08,27.2,27.08,784.24K,0.44
8/1/2017,27.06,27.14,27.14,26.82,688.35K,0.15
7/31/2017,27.02,26.93,27.12,26.93,358.05K,0.26
7/28/2017,26.95,26.93,26.96,26.77,451.49K,-0.19
7/27/2017,27,27.1,27.1,26.8,815.30K,-0.11
7/26/2017,27.03,27.22,27.27,27,858.74K,-0.81
7/25/2017,27.25,27.3,27.45,27.21,778.75K,0.04
7/24/2017,27.24,27.22,27.28,27.13,402.32K,-0.07
7/21/2017,27.26,27.33,27.34,27.13,739.33K,-0.44
7/20/2017,27.38,27.41,27.44,27.35,590.57K,0.15
7/19/2017,27.34,27.23,27.39,27.23,590.09K,0.48
7/18/2017,27.21,27.19,27.25,27.08,290.19K,-0.11
7/17/2017,27.24,27.31,27.33,27.21,371.69K,-0.26
7/14/2017,27.31,27.23,27.34,27.2,237.64K,0.15
7/13/2017,27.27,27.31,27.31,27.25,195.23K,0.07
7/12/2017,27.25,27.23,27.39,27.19,633.29K,0.37
7/11/2017,27.15,27.12,27.15,27,552.65K,0.04
7/10/2017,27.14,27.11,27.22,26.99,423.29K,0.15
7/7/2017,27.1,27.12,27.13,26.94,459.11K,-0.07
7/6/2017,27.12,27.03,27.23,27.03,254.41K,-0.04
7/5/2017,27.13,27.03,27.19,26.85,557.55K,0.52
7/4/2017,26.99,27.09,27.09,26.88,137.86K,0.19
6/30/2017,26.94,27.06,27.09,26.78,710.55K,-0.33
6/29/2017,27.03,27.23,27.25,26.9,725.05K,-0.26
6/28/2017,27.1,26.9,27.12,26.9,470.50K,1.04
6/27/2017,26.82,26.85,26.9,26.73,270.94K,-0.22
6/26/2017,26.88,27.01,27.1,26.8,373.14K,-0.26
6/23/2017,26.95,26.94,27.08,26.87,432.96K,0.11
6/22/2017,26.92,26.66,27,26.66,952.30K,0.98
6/21/2017,26.66,26.84,26.86,26.62,521.21K,-0.49
6/20/2017,26.79,26.84,26.92,26.79,460.46K,-0.41
6/19/2017,26.9,26.81,27,26.8,565.24K,0.64
6/16/2017,26.73,26.59,26.74,26.48,657.29K,0.3
6/15/2017,26.65,26.42,26.66,26.34,786.37K,0.41
6/14/2017,26.54,26.67,26.68,26.45,536.93K,-0.67
6/13/2017,26.72,26.85,26.85,26.61,399.23K,-0.3
6/12/2017,26.8,26.96,27.15,26.7,611.53K,-0.67
6/9/2017,26.98,26.62,27.04,26.62,543.62K,1.39
6/8/2017,26.61,26.36,26.62,26.35,354.55K,0.91
6/7/2017,26.37,26.33,26.44,26.27,160.72K,0.27
6/6/2017,26.3,26.33,26.37,26.27,211.78K,-0.53
6/5/2017,26.44,26.47,26.55,26.3,309.97K,-0.23
6/2/2017,26.5,26.47,26.57,26.36,340.94K,0.04
6/1/2017,26.49,26.41,26.54,26.3,614.55K,0.57
5/31/2017,26.34,26.47,26.47,26.15,396.48K,-0.04
5/30/2017,26.35,26.4,26.46,26.29,334.86K,-0.23
5/29/2017,26.41,26.36,26.51,26.36,123.55K,0.34
5/26/2017,26.32,26.32,26.33,26.17,231.04K,-0.23
5/25/2017,26.38,26.65,26.67,26.27,887.19K,0.08
5/24/2017,26.36,26.62,26.62,26.26,448.74K,-1.2
5/23/2017,26.68,26.6,26.71,26.56,425.55K,1.1
5/19/2017,26.39,26.26,26.45,26.26,729.26K,0.92
5/18/2017,26.15,25.95,26.3,25.87,895.13K,0.5
5/17/2017,26.02,26.32,26.32,25.96,1.10M,-1.7
5/16/2017,26.47,26.7,26.77,26.45,436.21K,-0.53
5/15/2017,26.61,26.41,26.69,26.41,519.12K,0.83
5/12/2017,26.39,26.46,26.52,26.27,425.43K,-0.49
5/11/2017,26.52,26.66,26.75,26.47,687.56K,-1.16
5/10/2017,26.83,26.63,26.85,26.6,235.22K,0.71
5/9/2017,26.64,26.98,26.99,26.61,396.69K,-0.93
5/8/2017,26.89,26.95,27,26.82,209.91K,0.22
5/5/2017,26.83,26.58,26.92,26.54,573.38K,1.36
5/4/2017,26.47,26.65,26.69,26.45,680.98K,-0.45
5/3/2017,26.59,26.61,26.7,26.5,1.13M,-0.11
5/2/2017,26.62,26.78,26.8,26.6,646.42K,-0.71
5/1/2017,26.81,26.93,27.02,26.78,243.42K,-0.26
4/28/2017,26.88,26.81,27.09,26.75,441.41K,0.3
4/27/2017,26.8,27.27,27.29,26.66,1.12M,-1.9
4/26/2017,27.32,27.85,27.85,27.28,1.30M,-1.83
4/25/2017,27.83,27.77,27.97,27.77,314.91K,0.36
4/24/2017,27.73,27.62,27.8,27.62,278.57K,1.35
4/21/2017,27.36,27.44,27.49,27.31,557.78K,-0.26
4/20/2017,27.43,27.39,27.52,27.39,307.75K,0.33
4/19/2017,27.34,27.48,27.53,27.32,245.15K,-0.07
4/18/2017,27.36,27.45,27.45,27.18,337.15K,-0.62
4/17/2017,27.53,27.2,27.53,27.2,621.07K,1.25
4/13/2017,27.19,27.41,27.44,27.18,454.71K,-1.13
4/12/2017,27.5,27.67,27.67,27.44,464.31K,-0.72
4/11/2017,27.7,27.83,27.83,27.52,441.90K,-0.65
4/10/2017,27.88,27.88,27.92,27.79,543.63K,-0.18
4/7/2017,27.93,27.98,27.98,27.84,278.89K,-0.25
4/6/2017,28,27.93,28.1,27.87,375.12K,0.54
4/5/2017,27.85,28.04,28.09,27.85,417.53K,-0.36
4/4/2017,27.95,27.81,28.02,27.81,228.63K,0.18
4/3/2017,27.9,27.87,27.95,27.57,406.42K,0.36
3/31/2017,27.8,27.88,27.95,27.79,254.67K,-0.14
3/30/2017,27.84,28.03,28.03,27.74,395.20K,-0.57
3/29/2017,28,28.02,28.12,27.96,322.49K,0.07
3/28/2017,27.98,27.77,28.05,27.77,657.93K,0.58
3/27/2017,27.82,27.56,27.85,27.49,596.21K,0.25
3/24/2017,27.75,27.9,27.9,27.68,312.44K,0
3/23/2017,27.75,27.52,27.83,27.5,691.41K,1.02
3/22/2017,27.47,27.34,27.53,27.22,754.84K,-0.18
3/21/2017,27.52,27.87,27.98,27.45,858.46K,-1.11
3/20/2017,27.83,27.93,27.97,27.75,428.58K,-0.61
3/17/2017,28,28.14,28.19,28,236.13K,-0.6
3/16/2017,28.17,28.03,28.28,28.03,534.16K,0.46
3/15/2017,28.04,28.28,28.3,27.97,787.60K,-0.88
3/14/2017,28.29,28.34,28.4,28.24,669.10K,-0.46
3/13/2017,28.42,28.26,28.49,28.26,524.90K,0.42
3/10/2017,28.3,28.71,28.72,28.18,1.15M,-1.19
3/9/2017,28.64,28.74,28.81,28.59,709.82K,-0.38
3/8/2017,28.75,28.95,28.96,28.72,1.00M,-0.21
3/7/2017,28.81,28.86,28.97,28.78,665.18K,-0.1
3/6/2017,28.84,28.56,28.88,28.5,749.90K,0.56
3/3/2017,28.68,28.53,28.74,28.53,351.96K,0.49
3/2/2017,28.54,28.57,28.62,28.41,531.31K,0.42
3/1/2017,28.42,28.4,28.48,28.28,862.94K,1.39
2/28/2017,28.03,28.2,28.34,28.03,634.17K,-1.34
2/27/2017,28.41,28.39,28.45,28.13,906.85K,0.07
2/24/2017,28.39,28.71,28.73,28.31,1.13M,-1.42
2/23/2017,28.8,28.96,29.02,28.79,690.93K,-0.21
2/22/2017,28.86,28.77,28.98,28.72,380.95K,0.28
2/21/2017,28.78,28.8,28.92,28.72,372.58K,0.28
2/17/2017,28.7,28.69,28.75,28.54,582.74K,0
2/16/2017,28.7,28.64,28.73,28.62,192.43K,0.28
2/15/2017,28.62,28.47,28.64,28.47,237.42K,0.7
2/14/2017,28.42,28.37,28.48,28.29,200.15K,0.21
2/13/2017,28.36,28.38,28.45,28.35,164.20K,0.39
2/10/2017,28.25,28.22,28.27,28.18,228.88K,0.43
2/9/2017,28.13,27.97,28.2,27.97,368.52K,0.64
2/8/2017,27.95,27.89,27.98,27.72,229.08K,0.18
2/7/2017,27.9,27.8,27.91,27.79,238.94K,0.5
2/6/2017,27.76,27.73,27.86,27.65,179.30K,0.11
2/3/2017,27.73,27.59,27.79,27.59,210.83K,0.84
2/2/2017,27.5,27.52,27.59,27.46,118.54K,-0.22
2/1/2017,27.56,27.67,27.68,27.43,263.42K,0.07
1/31/2017,27.54,27.63,27.71,27.41,343.81K,-0.65
1/30/2017,27.72,27.82,27.82,27.59,170.21K,-0.54
1/27/2017,27.87,27.91,27.96,27.82,157.14K,0
1/26/2017,27.87,27.81,27.91,27.8,169.59K,0.11
1/25/2017,27.84,27.76,27.92,27.76,126.66K,0.61
1/24/2017,27.67,27.49,27.68,27.4,129.98K,0.62
1/23/2017,27.5,27.52,27.52,27.36,242.87K,-0.04
1/20/2017,27.51,27.4,27.58,27.4,210.84K,0.59
1/19/2017,27.35,27.24,27.38,27.23,139.95K,0.44
1/18/2017,27.23,27.22,27.3,27.14,218.65K,0.07
1/17/2017,27.21,27.36,27.36,27.19,169.71K,-0.77
1/16/2017,27.42,27.5,27.5,27.36,81.73K,-0.25
1/13/2017,27.49,27.45,27.58,27.45,136.31K,0.37
1/12/2017,27.39,27.44,27.44,27.29,114.77K,-0.36
1/11/2017,27.49,27.34,27.52,27.28,764.13K,0.77
1/10/2017,27.28,27.3,27.31,27.26,153.01K,0.07
1/9/2017,27.26,27.29,27.29,27.14,266.96K,-0.4
1/6/2017,27.37,27.42,27.42,27.32,118.13K,-0.04
1/5/2017,27.38,27.34,27.45,27.3,424.90K,0.18
1/4/2017,27.33,27.12,27.35,27.08,325.92K,1
1/3/2017,27.06,26.96,27.09,26.96,172.73K,0.78
12/30/2016,26.85,27.05,27.05,26.81,157.50K,-0.63
12/29/2016,27.02,27.11,27.15,26.95,140.05K,-0.37
12/28/2016,27.12,27.13,27.21,27.04,313.51K,0
12/23/2016,27.12,27.19,27.19,27.12,90.71K,-0.44
12/22/2016,27.24,27.18,27.28,27.11,354.21K,0.26
12/21/2016,27.17,27.16,27.17,27.11,158.87K,0.07
12/20/2016,27.15,27.19,27.26,27.14,435.08K,0.15
12/19/2016,27.11,27.12,27.15,27.05,58.20K,0.15
12/16/2016,27.07,27.15,27.16,27.02,152.72K,0.07
12/15/2016,27.05,26.89,27.12,26.89,171.21K,0.45
12/14/2016,26.93,27,27.03,26.86,97.91K,-0.41
12/13/2016,27.04,26.89,27.11,26.89,350.42K,0.6
12/12/2016,26.88,26.9,26.92,26.84,112.09K,-0.19
12/9/2016,26.93,26.77,26.96,26.77,257.94K,0.75
12/8/2016,26.73,26.46,26.83,26.46,365.15K,1.17
12/7/2016,26.42,26.24,26.47,26.2,217.34K,0.84
12/6/2016,26.2,26.06,26.22,26.03,214.45K,1.16
12/5/2016,25.9,25.86,25.97,25.85,307.27K,0.54
12/2/2016,25.76,25.6,25.76,25.59,121.38K,0.55
12/1/2016,25.62,25.61,25.73,25.53,188.23K,0.35
11/30/2016,25.53,25.72,25.72,25.48,610.53K,-0.66
11/29/2016,25.7,25.59,25.74,25.59,77.50K,0.74
11/28/2016,25.51,25.6,25.66,25.46,129.99K,-0.35
11/25/2016,25.6,25.56,25.66,25.49,31.00K,-0.08
11/24/2016,25.62,25.58,25.66,25.58,25.28K,0.04
11/23/2016,25.61,25.49,25.64,25.49,144.67K,0.43
11/22/2016,25.5,25.56,25.65,25.43,148.64K,0.04
11/21/2016,25.49,25.32,25.54,25.32,1.29M,0.95
11/18/2016,25.25,25.08,25.29,25.08,116.15K,0.6
11/17/2016,25.1,24.87,25.14,24.85,387.24K,0.92
11/16/2016,24.87,24.8,24.91,24.76,86.08K,-0.08
11/15/2016,24.89,24.93,24.93,24.71,163.06K,0.16
11/14/2016,24.85,24.79,24.92,24.78,181.70K,0.49
11/11/2016,24.73,24.8,24.83,24.56,363.78K,-0.28
11/10/2016,24.8,24.69,24.86,24.66,455.25K,0.98
11/9/2016,24.56,24.21,24.62,24.21,302.24K,0.41
11/8/2016,24.46,24.34,24.5,24.3,228.88K,0.37
11/7/2016,24.37,24.28,24.44,24.28,352.48K,1.37
11/4/2016,24.04,24.21,24.21,24.02,246.84K,-0.7
11/3/2016,24.21,24.25,24.34,24.18,211.42K,-0.08
11/2/2016,24.23,24.34,24.35,24.18,167.92K,-0.7
11/1/2016,24.4,24.57,24.57,24.34,181.80K,-0.69
10/31/2016,24.57,24.51,24.64,24.51,415.44K,0.16
10/28/2016,24.53,24.56,24.62,24.49,211.17K,-0.24
10/27/2016,24.59,24.51,24.66,24.45,123.99K,0.53
10/26/2016,24.46,24.3,24.52,24.3,143.77K,0.04
10/25/2016,24.45,24.51,24.51,24.41,41.46K,-0.16
10/24/2016,24.49,24.46,24.51,24.43,94.10K,0.33
10/21/2016,24.41,24.26,24.45,24.26,169.96K,0.41
10/20/2016,24.31,24.26,24.35,24.23,134.31K,0.25
10/19/2016,24.25,24.21,24.29,24.13,161.55K,0.37
10/18/2016,24.16,24.05,24.18,24.05,252.13K,0.83
10/17/2016,23.96,23.95,24.01,23.92,120.02K,-0.04
10/14/2016,23.97,24.07,24.12,23.93,158.81K,0.08
10/13/2016,23.95,23.77,23.96,23.69,282.54K,0.25
10/12/2016,23.89,23.84,23.93,23.8,78.92K,0.13
10/11/2016,23.86,23.86,23.88,23.8,62.57K,0.04
10/7/2016,23.85,23.87,23.88,23.77,42.52K,-0.29
10/6/2016,23.92,23.92,23.99,23.9,21.28K,0
10/5/2016,23.92,23.88,23.99,23.88,94.90K,0.38
10/4/2016,23.83,23.89,23.99,23.74,214.74K,-0.54
10/3/2016,23.96,24,24.04,23.89,66.67K,-0.42
9/30/2016,24.06,24.06,24.13,24.06,263.73K,0.04
9/29/2016,24.05,24.11,24.17,23.97,97.02K,-0.17
9/28/2016,24.09,23.96,24.1,23.96,25.36K,0.75
9/27/2016,23.91,23.91,23.95,23.8,37.83K,-0.38
9/26/2016,24,24.03,24.03,23.91,77.07K,-0.41
9/23/2016,24.1,24.2,24.2,24.04,42.65K,-0.5
9/22/2016,24.22,24.22,24.29,24.22,31.87K,0.33
9/21/2016,24.14,24.1,24.14,24.04,158.32K,0.46
9/20/2016,24.03,24.04,24.07,24,31.36K,0.46
9/19/2016,23.92,23.97,24.1,23.89,37.56K,0.17
9/16/2016,23.88,24,24,23.81,200.11K,-0.58
9/15/2016,24.02,23.78,24.04,23.78,165.10K,1.05
9/14/2016,23.77,23.75,23.87,23.74,164.30K,-0.04
9/13/2016,23.78,23.88,23.88,23.69,202.60K,-0.96
9/12/2016,24.01,23.94,24.03,23.89,114.97K,-0.17
9/9/2016,24.05,24.1,24.14,23.94,88.01K,-0.54
9/8/2016,24.18,24.23,24.23,24.14,84.14K,-0.29
9/7/2016,24.25,24.26,24.28,24.15,44.55K,0
9/6/2016,24.25,24.28,24.28,24.12,57.35K,-0.04
9/2/2016,24.26,24.25,24.37,24.24,154.98K,0.29
9/1/2016,24.19,24.07,24.26,24.07,131.23K,0.29
8/31/2016,24.12,24.28,24.28,24.01,166.10K,-0.78
8/30/2016,24.31,24.21,24.34,24.21,82.85K,0.66
8/29/2016,24.15,24.08,24.15,24.07,45.68K,0.37
8/26/2016,24.06,24.01,24.13,24.01,77.74K,-0.08
8/25/2016,24.08,24.07,24.13,24.04,159.29K,0.12
8/24/2016,24.05,24.04,24.09,24,66.89K,0.5
8/23/2016,23.93,23.73,23.94,23.73,312.29K,1.31
8/22/2016,23.62,23.47,23.62,23.43,147.62K,0.25
8/19/2016,23.56,23.48,23.56,23.37,43.87K,0.51
8/18/2016,23.44,23.52,23.52,23.41,82.03K,-0.42
8/17/2016,23.54,23.48,23.56,23.48,53.34K,0.21
8/16/2016,23.49,23.54,23.54,23.44,50.90K,-0.34
8/15/2016,23.57,23.6,23.6,23.49,63.12K,0.08
8/12/2016,23.55,23.59,23.59,23.47,82.55K,-0.34
8/11/2016,23.63,23.63,23.66,23.6,77.76K,0.38
8/10/2016,23.54,23.57,23.6,23.5,52.70K,-0.17
8/9/2016,23.58,23.45,23.6,23.45,63.16K,0.6
8/8/2016,23.44,23.3,23.46,23.3,77.38K,0.82
8/5/2016,23.25,23.1,23.29,23.1,55.20K,1.04
8/4/2016,23.01,23.05,23.11,22.91,81.27K,-0.22
8/3/2016,23.06,23.07,23.14,23.03,206.61K,0.09
8/2/2016,23.04,23.18,23.18,23.01,263.07K,-1.24
7/29/2016,23.33,23.28,23.4,23.26,146.54K,-0.17
7/28/2016,23.37,23.38,23.47,23.22,362.37K,-0.04
7/27/2016,23.38,23.53,23.54,23.32,183.05K,-0.51
7/26/2016,23.5,23.38,23.55,23.38,49.68K,0.17
7/25/2016,23.46,23.46,23.51,23.42,227.31K,-0.09
7/22/2016,23.48,23.45,23.5,23.41,27.63K,0.3
7/21/2016,23.41,23.45,23.5,23.4,234.38K,-0.3
7/20/2016,23.48,23.41,23.48,23.4,50.20K,0.64
7/19/2016,23.33,23.32,23.34,23.28,16.40K,-0.09
7/18/2016,23.35,23.41,23.46,23.34,56.68K,-0.26
7/15/2016,23.41,23.4,23.42,23.36,44.70K,0.39
7/14/2016,23.32,23.4,23.45,23.32,75.45K,0.26
7/13/2016,23.26,23.2,23.28,23.11,42.50K,0.3
7/12/2016,23.19,23.03,23.19,23.03,280.81K,1.13
7/11/2016,22.93,22.9,23.01,22.9,33.69K,0.75
7/8/2016,22.76,22.75,22.91,22.75,221.12K,0.62
7/7/2016,22.62,22.73,22.73,22.57,105.05K,-0.26
7/6/2016,22.68,22.67,22.68,22.45,61.18K,-0.22
7/5/2016,22.73,22.76,22.82,22.61,87.54K,-0.39
7/4/2016,22.82,22.75,22.82,22.75,276.26K,0.93
6/30/2016,22.61,22.8,22.8,22.57,350.70K,-0.66
6/29/2016,22.76,22.85,22.85,22.7,138.66K,0
6/28/2016,22.76,22.69,22.78,22.57,222.88K,1.65
6/27/2016,22.39,22.55,22.56,22.26,232.12K,-1.97
6/24/2016,22.84,22.59,23.07,22.59,422.65K,-2.48
6/23/2016,23.42,23.32,23.45,23.32,122.08K,0.99
6/22/2016,23.19,23.22,23.33,23.14,124.67K,-0.09
6/21/2016,23.21,23.14,23.27,23.04,81.38K,0.74
6/20/2016,23.04,23.16,23.21,23.04,63.45K,0.7
6/17/2016,22.88,22.84,23.03,22.84,101.97K,0.13
6/16/2016,22.85,22.83,22.89,22.61,343.87K,-0.44
6/15/2016,22.95,22.97,23.04,22.93,146.37K,0.17
6/14/2016,22.91,23.11,23.13,22.86,335.77K,-1.08
6/13/2016,23.16,23.12,23.24,23.1,201.87K,-0.34
6/10/2016,23.24,23.31,23.34,23.18,139.20K,-1.11
6/9/2016,23.5,23.53,23.53,23.4,144.87K,-0.63
6/8/2016,23.65,23.78,23.82,23.58,132.79K,-0.34
6/7/2016,23.73,23.49,23.73,23.49,211.23K,1.41
6/6/2016,23.4,23.34,23.46,23.34,294.72K,0.43
6/3/2016,23.3,23.23,23.34,23.07,189.72K,0.04
6/2/2016,23.29,23.09,23.32,23.06,281.87K,0.95
6/1/2016,23.07,22.9,23.08,22.72,342.15K,0.17
5/31/2016,23.03,23.25,23.3,23.03,1.10M,-1.03
5/30/2016,23.27,23.38,23.38,23.25,13.20K,-0.13
5/27/2016,23.3,23.26,23.36,23.26,221.01K,0.22
5/26/2016,23.25,23.36,23.41,23.19,635.21K,-0.43
5/25/2016,23.35,23.18,23.39,23.18,184.90K,1.17
5/24/2016,23.08,22.94,23.21,22.94,155.81K,0.92
5/20/2016,22.87,22.8,22.93,22.8,89.90K,0.7
5/19/2016,22.71,22.82,22.82,22.56,376.45K,-0.74
5/18/2016,22.88,22.6,22.89,22.6,187.75K,0.97
5/17/2016,22.66,22.75,22.78,22.61,312.36K,-0.4
5/16/2016,22.75,22.68,22.85,22.68,191.70K,0.35
5/13/2016,22.67,22.69,22.77,22.6,236.61K,-0.22
5/12/2016,22.72,22.7,22.74,22.48,628.80K,0.49
5/11/2016,22.61,22.48,22.7,22.47,1.88M,0.36
5/10/2016,22.53,22.35,22.61,22.35,261.28K,1.17
5/9/2016,22.27,22.34,22.36,22.25,148.71K,-0.54
5/6/2016,22.39,22.26,22.45,22.22,179.44K,0
5/5/2016,22.39,22.52,22.52,22.28,409.74K,-0.44
5/4/2016,22.49,22.51,22.6,22.34,473.12K,-0.57
5/3/2016,22.62,22.8,22.8,22.45,321.36K,-1.82
5/2/2016,23.04,23.2,23.2,22.94,137.98K,-0.48
4/29/2016,23.15,23.02,23.25,23.02,239.03K,0.26
4/28/2016,23.09,23.05,23.16,22.93,205.84K,-0.35
4/27/2016,23.17,23.1,23.21,23.1,384.17K,0.3
4/26/2016,23.1,23.05,23.17,23.05,212.12K,0.13
4/25/2016,23.07,23.1,23.11,22.98,75.22K,-0.39
4/22/2016,23.16,23.12,23.23,23.12,166.77K,0.13
4/21/2016,23.13,23.24,23.26,23.07,230.60K,-0.47
4/20/2016,23.24,23.09,23.27,23.07,222.98K,0.78
4/19/2016,23.06,22.9,23.08,22.89,223.21K,1.05
4/18/2016,22.82,22.66,22.84,22.66,121.21K,0.09
4/15/2016,22.8,22.74,22.81,22.7,281.86K,0.09
4/14/2016,22.78,22.69,22.87,22.69,220.11K,0.57
4/13/2016,22.65,22.5,22.7,22.5,145.91K,1.21
4/12/2016,22.38,22.19,22.49,22.16,556.37K,1.08
4/11/2016,22.14,22.13,22.27,22.13,144.68K,0.18
4/8/2016,22.1,21.99,22.19,21.99,259.88K,1.1
4/7/2016,21.86,22,22.03,21.76,313.08K,-1.04
4/6/2016,22.09,22.14,22.16,21.91,414.47K,-0.27
4/5/2016,22.15,22.11,22.19,22.04,92.39K,-0.58
4/4/2016,22.28,22.41,22.41,22.24,108.51K,-0.22
4/1/2016,22.33,22.16,22.34,22.03,632.34K,0.18
3/31/2016,22.29,22.37,22.5,22.27,332.42K,-0.58
3/30/2016,22.42,22.35,22.48,22.29,440.41K,0.85
3/29/2016,22.23,22.09,22.26,21.96,675.98K,0.23
3/28/2016,22.18,22.02,22.23,21.95,456.76K,0.68
3/24/2016,22.03,22.17,22.17,21.89,551.84K,-1.43
3/23/2016,22.35,22.53,22.53,22.27,203.65K,-0.49
3/22/2016,22.46,22.39,22.54,22.39,74.93K,-0.13
3/21/2016,22.49,22.46,22.6,22.36,263.15K,0.27
3/18/2016,22.43,22.52,22.62,22.37,255.04K,-0.53
3/17/2016,22.55,22.18,22.57,22.14,353.63K,1.9
3/16/2016,22.13,22.13,22.28,22.1,282.79K,0.09
3/15/2016,22.11,21.94,22.11,21.94,239.19K,0.27
3/14/2016,22.05,21.95,22.08,21.95,159.22K,0.18
3/11/2016,22.01,21.96,22.03,21.88,397.48K,1.06
3/10/2016,21.78,21.91,22,21.64,330.95K,-0.09
3/9/2016,21.8,21.75,21.87,21.7,589.90K,0.74
3/8/2016,21.64,21.33,21.7,21.3,353.82K,0.98
3/7/2016,21.43,21.14,21.47,21.13,312.55K,1.13
3/4/2016,21.19,21.11,21.2,21.01,132.97K,0.81
3/3/2016,21.02,20.91,21.07,20.88,137.18K,1.01
3/2/2016,20.81,20.77,20.9,20.55,231.46K,0.14
3/1/2016,20.78,20.49,20.83,20.49,556.35K,2.52
2/29/2016,20.27,20.27,20.35,20.09,83.57K,0.45
2/26/2016,20.18,20.19,20.29,20.06,139.71K,0.9
2/25/2016,20,20.02,20.09,19.87,256.66K,0.55
2/24/2016,19.89,20.04,20.04,19.3,1.34M,-2.21
2/23/2016,20.34,20.58,20.84,20.29,405.11K,-1.21
2/22/2016,20.59,20.91,20.95,20.57,430.01K,-0.53
2/19/2016,20.7,20.58,20.71,20.43,115.89K,-0.43
2/18/2016,20.79,20.87,20.87,20.57,197.47K,0.19
2/17/2016,20.75,20.52,20.75,20.5,225.03K,1.97
2/16/2016,20.35,20.27,20.36,19.98,305.23K,2.11
2/12/2016,19.93,19.5,19.93,19.5,302.85K,3.48
2/11/2016,19.26,19.28,19.3,19.07,692.00K,-1.43
2/10/2016,19.54,20.09,20.19,19.51,467.19K,-1.81
2/9/2016,19.9,20.1,20.1,19.64,508.18K,-2.31
2/8/2016,20.37,20.58,20.58,20.29,218.36K,-2.16
2/5/2016,20.82,20.86,20.91,20.74,93.86K,-0.34
2/4/2016,20.89,20.58,20.96,20.58,433.33K,1.51
2/3/2016,20.58,20.64,20.66,20.27,481.71K,0.29
2/2/2016,20.52,20.57,20.57,20.36,164.19K,-1.39
2/1/2016,20.81,20.94,20.94,20.68,317.60K,-0.9
1/29/2016,21,20.91,21.02,20.6,322.54K,1.01
1/28/2016,20.79,20.41,20.82,20.28,351.80K,3.02
1/27/2016,20.18,19.91,20.36,19.91,244.53K,1.51
1/26/2016,19.88,19.79,19.96,19.75,76.71K,0.66
1/25/2016,19.75,20.33,20.33,19.73,100.10K,-2.85
1/22/2016,20.33,19.93,20.33,19.91,507.16K,3.72
1/21/2016,19.6,19.36,19.64,19.27,317.71K,1.71
1/20/2016,19.27,19.51,19.51,19.09,525.89K,-2.33
1/19/2016,19.73,19.77,19.94,19.65,2.06M,1.34
1/18/2016,19.47,19.44,19.63,19.44,129.68K,-0.1
1/15/2016,19.49,19.64,19.74,19.46,403.51K,-2.94
1/14/2016,20.08,19.99,20.13,19.75,217.98K,0.55
1/13/2016,19.97,20.59,20.59,19.97,315.19K,-2.44
1/12/2016,20.47,20.5,20.67,20.29,62.04K,0.39
1/11/2016,20.39,20.46,20.48,20.29,211.41K,-0.05
1/8/2016,20.4,20.63,20.63,20.4,117.45K,-0.15
1/7/2016,20.43,20.5,20.59,20.43,201.57K,-1.73
1/6/2016,20.79,20.99,20.99,20.77,216.89K,-1.66
1/5/2016,21.14,21.11,21.2,20.99,57.27K,0.24
1/4/2016,21.09,21.04,21.09,20.81,113.39K,-0.99
12/31/2015,21.3,21.5,21.52,21.29,99.70K,-1.43
12/30/2015,21.61,21.76,21.76,21.55,29.51K,-0.69
12/29/2015,21.76,21.67,21.8,21.67,19.56K,0.65
12/24/2015,21.62,21.51,21.7,21.51,24.30K,0.14
12/23/2015,21.59,21.48,21.6,21.41,66.15K,0.84
12/22/2015,21.41,21.45,21.45,21.2,96.28K,0
12/21/2015,21.41,21.54,21.6,21.35,105.57K,0
12/18/2015,21.41,21.49,21.5,21.39,91.54K,-0.93
12/17/2015,21.61,21.8,21.8,21.53,338.86K,-0.18
12/16/2015,21.65,21.45,21.65,21.37,84.18K,1.36
12/15/2015,21.36,21.17,21.37,21.17,247.92K,1.67
12/14/2015,21.01,21.16,21.23,20.91,294.71K,-0.52
12/11/2015,21.12,21.44,21.44,21.11,146.20K,-2
12/10/2015,21.55,21.56,21.76,21.54,22.11K,-0.14
12/9/2015,21.58,21.46,21.85,21.46,38.76K,0.42
12/8/2015,21.49,21.65,21.65,21.45,299.02K,-1.47
12/7/2015,21.81,22.13,22.14,21.69,75.09K,-1.76
12/4/2015,22.2,22.13,22.2,22.01,196.42K,0.41
12/3/2015,22.11,22.49,22.49,22.05,63.68K,-1.34
12/2/2015,22.41,22.51,22.56,22.36,199.37K,-0.09
12/1/2015,22.43,22.28,22.53,22.21,125.87K,0.95
11/30/2015,22.22,22.15,22.28,22.13,170.51K,0.54
11/27/2015,22.1,22.1,22.14,22.04,46.92K,-0.09
11/26/2015,22.12,22.02,22.12,22.02,18.75K,0.41
11/25/2015,22.03,22.09,22.09,22,34.67K,-0.36
11/24/2015,22.11,22.04,22.2,22.01,68.78K,0
11/23/2015,22.11,22.19,22.29,22.11,40.73K,-0.41
11/20/2015,22.2,22.33,22.33,22.18,16.89K,-0.27
11/19/2015,22.26,22.19,22.33,22.13,78.38K,0.45
11/18/2015,22.16,22.19,22.25,22.11,266.09K,0.32
11/17/2015,22.09,22.08,22.22,22.02,49.02K,0.5
11/16/2015,21.98,21.62,21.98,21.62,92.09K,1.52
11/13/2015,21.65,21.89,21.9,21.58,184.05K,-1.37
11/12/2015,21.95,22.15,22.15,21.9,150.61K,-1.44
11/11/2015,22.27,22.28,22.33,22.2,51.59K,0.09
11/10/2015,22.25,22.15,22.27,22.06,70.26K,0.04
11/9/2015,22.24,22.45,22.45,22.06,69.28K,-0.71
11/6/2015,22.4,22.38,22.5,22.27,56.89K,0.31
11/5/2015,22.33,22.29,22.41,22.28,44.47K,0.36
11/4/2015,22.25,22.23,22.31,22.2,57.45K,0.32
11/3/2015,22.18,22.18,22.22,22.06,69.82K,0.23
11/2/2015,22.13,22.18,22.23,22.02,56.18K,0.09
10/30/2015,22.11,22.59,22.59,22.05,153.73K,-2.3
10/29/2015,22.63,22.57,22.65,22.43,54.01K,0
10/28/2015,22.63,22.43,22.63,22.43,60.31K,1.07
10/27/2015,22.39,22.19,22.44,22.19,120.97K,0.4
10/26/2015,22.3,22.4,22.42,22.25,56.34K,-0.22
10/23/2015,22.35,22.36,22.42,22.31,282.59K,0.72
10/22/2015,22.19,21.94,22.23,21.94,99.35K,1.42
10/21/2015,21.88,21.96,22.07,21.88,80.84K,0.05
10/20/2015,21.87,21.71,21.92,21.7,157.44K,0.97
10/19/2015,21.66,21.64,21.73,21.64,45.82K,-0.14
10/16/2015,21.69,21.64,21.73,21.61,91.31K,0.74
10/15/2015,21.53,21.62,21.64,21.5,343.67K,0.23
10/14/2015,21.48,21.71,21.77,21.42,439.81K,-0.88
10/13/2015,21.67,21.78,21.78,21.55,505.86K,-0.64
10/9/2015,21.81,22.01,22.05,21.73,305.18K,-0.68
10/8/2015,21.96,21.82,21.96,21.81,195.02K,0.46
10/7/2015,21.86,21.74,21.92,21.73,312.74K,1.06
10/6/2015,21.63,21.47,21.66,21.43,152.64K,1.03
10/5/2015,21.41,21.23,21.5,21.23,217.34K,1.61
10/2/2015,21.07,21.16,21.16,20.83,327.50K,-1.91
10/1/2015,21.48,21.45,21.49,21.29,81.44K,0.33
9/30/2015,21.41,21.1,21.41,21.09,314.18K,2.34
9/29/2015,20.92,20.76,20.93,20.7,114.66K,0.97
9/28/2015,20.72,20.88,20.88,20.69,65.51K,-0.91
9/25/2015,20.91,20.96,21.07,20.91,42.40K,0.48
9/24/2015,20.81,20.74,20.88,20.7,64.83K,-0.48
9/23/2015,20.91,21.07,21.07,20.79,82.13K,-0.57
9/22/2015,21.03,21.07,21.13,20.91,156.01K,-1.45
9/21/2015,21.34,21.21,21.38,21.16,71.30K,1.33
9/18/2015,21.06,21.19,21.19,21.03,288.35K,-1.68
9/17/2015,21.42,21.5,21.56,21.4,137.92K,-0.42
9/16/2015,21.51,21.13,21.53,21.12,54.56K,1.89
9/15/2015,21.11,21.05,21.13,21.05,37.08K,0.48
9/14/2015,21.01,20.97,21.1,20.97,42.41K,0.1
9/11/2015,20.99,21.06,21.06,20.91,112.15K,-0.38
9/10/2015,21.07,20.96,21.13,20.91,205.09K,0.24
9/9/2015,21.02,21.31,21.37,21.02,332.36K,-0.43
9/8/2015,21.11,21.08,21.19,21.04,114.24K,1.3
9/4/2015,20.84,20.86,20.92,20.73,174.48K,-1.04
9/3/2015,21.06,20.95,21.12,20.94,65.35K,1.01
9/2/2015,20.85,21.01,21.1,20.78,69.36K,-0.05
9/1/2015,20.86,21.06,21.1,20.75,381.25K,-2.52
8/31/2015,21.4,21.46,21.48,21.07,323.09K,-0.33
8/28/2015,21.47,21.51,21.61,21.3,202.09K,-0.51
8/27/2015,21.58,21.34,21.68,21.26,404.59K,2.62
8/26/2015,21.03,20.85,21.03,20.39,393.19K,2.79
8/25/2015,20.46,20.7,20.85,20.45,182.75K,1.49
8/24/2015,20.16,19.46,20.46,19.35,209.57K,-2.09
8/21/2015,20.59,20.81,20.93,20.59,150.13K,-1.81
8/20/2015,20.97,21.24,21.24,20.97,128.61K,-1.96
8/19/2015,21.39,21.5,21.55,21.31,32.66K,-0.79
8/18/2015,21.56,21.54,21.6,21.41,37.09K,0
8/17/2015,21.56,21.65,21.65,21.41,91.56K,-0.83
8/14/2015,21.74,21.63,21.75,21.63,30.91K,0.74
8/13/2015,21.58,21.83,21.83,21.58,19.88K,-1.15
8/12/2015,21.83,21.85,21.86,21.61,37.50K,-0.59
8/11/2015,21.96,22.07,22.07,21.8,57.34K,-0.95
8/10/2015,22.17,21.95,22.2,21.95,60.30K,1.28
8/7/2015,21.89,22,22.1,21.8,173.17K,-0.64
8/6/2015,22.03,22.2,22.21,21.96,323.95K,-0.77
8/5/2015,22.2,22.18,22.22,22.12,173.40K,0.77
8/4/2015,22.03,22.06,22.14,21.89,48.77K,-0.05
7/31/2015,22.04,22.03,22.22,22,63.95K,0.32
7/30/2015,21.97,21.9,21.98,21.75,225.40K,0.55
7/29/2015,21.85,21.41,21.89,21.41,93.52K,2.34
7/28/2015,21.35,21.31,21.43,21.07,66.04K,0.23
7/27/2015,21.3,21.5,21.51,21.23,143.25K,-1.43
7/24/2015,21.61,21.77,21.79,21.6,65.20K,-0.73
7/23/2015,21.77,21.9,21.9,21.68,55.04K,-0.55
7/22/2015,21.89,21.93,21.99,21.82,25.91K,-0.27
7/21/2015,21.95,22.04,22.07,21.89,27.80K,-0.32
7/20/2015,22.02,22.23,22.24,22.02,42.36K,-0.94
7/17/2015,22.23,22.45,22.45,22.18,46.78K,-0.71
7/16/2015,22.39,22.3,22.48,22.3,117.51K,0.72
7/15/2015,22.23,22.12,22.27,22.02,149.39K,0.77
7/14/2015,22.06,22.14,22.14,21.89,85.40K,-0.27
7/13/2015,22.12,22.29,22.3,22.1,130.11K,0.23
7/10/2015,22.07,22.02,22.09,21.98,17.63K,1.05
7/9/2015,21.84,22.09,22.14,21.81,75.38K,-0.5
7/8/2015,21.95,22.11,22.11,21.93,90.04K,-1.13
7/7/2015,22.2,22.19,22.2,21.92,82.99K,0.27
7/6/2015,22.14,22.01,22.26,22,34.54K,-0.23
7/3/2015,22.19,22.07,22.19,22.07,8.49K,0.5
7/2/2015,22.08,22.17,22.17,21.98,65.75K,-0.23
6/30/2015,22.13,22.27,22.32,22.12,97.99K,-0.18
6/29/2015,22.17,22.49,22.49,22.11,86.11K,-2.38
6/26/2015,22.71,22.68,22.76,22.66,10.67K,0.18
6/25/2015,22.67,22.72,22.8,22.67,77.13K,-0.35
6/24/2015,22.75,22.64,22.79,22.64,48.32K,0.49
6/23/2015,22.64,22.53,22.64,22.5,116.12K,0.98
6/22/2015,22.42,22.23,22.56,22.23,87.79K,0.99
6/19/2015,22.2,22.39,22.39,22.07,60.09K,-1.25
6/18/2015,22.48,22.53,22.53,22.39,82.52K,-0.13
6/17/2015,22.51,22.69,22.72,22.45,55.55K,-0.75
6/16/2015,22.68,22.66,22.69,22.55,10.69K,0.13
6/15/2015,22.65,22.45,22.66,22.37,49.55K,0.49
6/12/2015,22.54,22.58,22.58,22.38,106.35K,-0.35
6/11/2015,22.62,22.75,22.75,22.57,160.93K,-0.35
6/10/2015,22.7,22.67,22.8,22.65,26.90K,0.44
6/9/2015,22.6,22.48,22.67,22.31,51.46K,0.44
6/8/2015,22.5,22.81,22.81,22.41,78.54K,-1.45
6/5/2015,22.83,22.81,23.01,22.81,112.76K,-0.09
6/4/2015,22.85,22.96,23.01,22.71,94.37K,-0.74
6/3/2015,23.02,22.89,23.06,22.88,248.59K,0.92
6/2/2015,22.81,22.73,22.91,22.7,117.10K,0.4
6/1/2015,22.72,22.77,22.81,22.57,81.03K,-0.09
5/29/2015,22.74,22.95,22.95,22.65,82.62K,-0.87
5/28/2015,22.94,23.08,23.15,22.71,186.74K,-0.22
5/27/2015,22.99,22.98,23.12,22.91,42.39K,0.39
5/26/2015,22.9,23.1,23.1,22.74,464.41K,-1.17
5/25/2015,23.17,23.15,23.18,23.13,87.54K,0.04
5/22/2015,23.16,23.22,23.22,23.1,46.70K,-0.52
5/21/2015,23.28,23,23.29,23,109.83K,1.26
5/20/2015,22.99,23.17,23.23,22.95,89.99K,-0.78
5/19/2015,23.17,22.95,23.18,22.85,31.75K,1.05
5/15/2015,22.93,22.97,22.97,22.87,127.04K,-0.13
5/14/2015,22.96,22.94,22.99,22.86,62.87K,0.13
5/13/2015,22.93,22.95,23.02,22.86,33.07K,-0.09
5/12/2015,22.95,22.99,23.03,22.93,188.60K,-0.43
5/11/2015,23.05,23.02,23.13,22.97,71.82K,0.17
5/8/2015,23.01,23.02,23.07,22.99,72.59K,0.48
5/7/2015,22.9,22.94,22.94,22.73,247.59K,-0.26
5/6/2015,22.96,23.09,23.1,22.8,267.52K,-0.73
5/5/2015,23.13,23.33,23.36,23.04,283.07K,-0.98
5/4/2015,23.36,23.35,23.4,23.3,90.98K,0.17
5/1/2015,23.32,23.28,23.43,23.22,234.89K,0.13
4/30/2015,23.29,23.39,23.41,23.2,263.14K,-0.72
4/29/2015,23.46,23.37,23.47,23.31,89.14K,0.09
4/28/2015,23.44,23.4,23.46,23.34,64.75K,0.26
4/27/2015,23.38,23.45,23.47,23.34,93.31K,-0.21
4/24/2015,23.43,23.39,23.48,23.39,61.97K,0.17
4/23/2015,23.39,23.16,23.45,23.16,152.13K,0.52
4/22/2015,23.27,23.3,23.3,23.08,294.46K,-0.43
4/21/2015,23.37,23.43,23.45,23.32,23.16K,-0.04
4/20/2015,23.38,23.33,23.44,23.33,28.87K,0.6
4/17/2015,23.24,23.21,23.27,23.14,79.08K,-0.26
4/16/2015,23.3,23.16,23.31,23.07,130.78K,0.39
4/15/2015,23.21,22.99,23.29,22.96,78.36K,1.22
4/14/2015,22.93,22.89,22.97,22.86,31.48K,0.26
4/13/2015,22.87,22.9,22.9,22.84,18.09K,0.04
4/10/2015,22.86,22.81,22.87,22.8,35.79K,0.31
4/9/2015,22.79,22.58,22.82,22.58,109.89K,0.8
4/8/2015,22.61,22.51,22.63,22.5,121.22K,0.4
4/7/2015,22.52,22.38,22.57,22.38,168.57K,0.94
4/6/2015,22.31,22.18,22.43,22.16,168.89K,0.22
4/2/2015,22.26,22.18,22.33,22.18,153.56K,0.45
4/1/2015,22.16,22.19,22.19,22.02,51.84K,-0.18
3/31/2015,22.2,21.84,22.21,21.78,141.47K,1.23
3/30/2015,21.93,21.95,22.11,21.86,38.74K,0.09
3/27/2015,21.91,22.07,22.07,21.85,111.50K,-0.77
3/26/2015,22.08,22.18,22.2,21.98,95.17K,-1.03
3/25/2015,22.31,22.53,22.55,22.21,155.01K,-0.76
3/24/2015,22.48,22.34,22.53,22.3,107.78K,0.58
3/23/2015,22.35,22.33,22.45,22.3,76.10K,0.31
3/20/2015,22.28,22.05,22.32,22.05,161.12K,1.46
3/19/2015,21.96,22.17,22.17,21.96,148.53K,-0.81
3/18/2015,22.14,22.14,22.18,22,80.49K,-0.14
3/17/2015,22.17,22.23,22.23,21.93,124.84K,-0.36
3/16/2015,22.25,22.08,22.36,22.08,267.82K,0.95
3/13/2015,22.04,22.17,22.17,21.88,92.90K,-0.72
3/12/2015,22.2,22.07,22.31,22.07,77.20K,0.68
3/11/2015,22.05,21.98,22.17,21.9,96.25K,0.36
3/10/2015,21.97,22.32,22.32,21.9,142.45K,-2.14
3/9/2015,22.45,22.49,22.54,22.4,65.56K,-0.09
3/6/2015,22.47,22.5,22.65,22.34,79.24K,-0.22
3/5/2015,22.52,22.53,22.71,22.51,134.20K,0.09
3/4/2015,22.5,22.51,22.53,22.36,119.24K,-0.53
3/3/2015,22.62,22.92,22.92,22.54,318.53K,-1.01
3/2/2015,22.85,22.95,22.95,22.82,53.48K,-0.09
2/27/2015,22.87,22.78,23.02,22.78,178.96K,0.22
2/26/2015,22.82,22.8,23,22.79,356.19K,0.93
2/25/2015,22.61,22.37,22.7,22.36,373.44K,1.85
2/24/2015,22.2,22.07,22.24,22,90.46K,-0.76
2/23/2015,22.37,22.44,22.44,22.18,346.72K,-0.89
2/20/2015,22.57,22.76,22.76,22.41,201.08K,-0.92
2/19/2015,22.78,22.7,22.83,22.48,234.65K,0.04
2/18/2015,22.77,23.05,23.06,22.73,493.42K,-1.26
2/17/2015,23.06,22.98,23.14,22.94,158.57K,0.35
2/13/2015,22.98,22.95,23.06,22.93,130.17K,0.44
2/12/2015,22.88,22.73,22.9,22.69,156.27K,0.97
2/11/2015,22.66,22.62,22.76,22.53,127.15K,0.27
2/10/2015,22.6,22.85,22.85,22.45,152.40K,-0.44
2/9/2015,22.7,22.58,22.81,22.55,186.89K,0.49
2/6/2015,22.59,22.54,22.82,22.5,555.44K,1.12
2/5/2015,22.34,22.11,22.41,22.05,341.46K,1.64
2/4/2015,21.98,22.14,22.19,21.96,134.35K,-0.59
2/3/2015,22.11,21.77,22.25,21.73,558.13K,2.65
2/2/2015,21.54,21.32,21.62,21.3,298.61K,1.6
1/30/2015,21.2,21.6,21.6,21.18,618.98K,-2.84
1/29/2015,21.82,21.77,21.89,21.43,162.63K,0.14
1/28/2015,21.79,22.18,22.19,21.79,313.95K,-1.13
1/27/2015,22.04,21.82,22.05,21.8,252.24K,-0.54
1/26/2015,22.16,22.32,22.32,22.09,92.48K,-0.36
1/23/2015,22.24,22.18,22.4,22.14,441.13K,0.91
1/22/2015,22.04,22.03,22.15,21.97,96.27K,0.36
1/21/2015,21.96,21.64,22.05,21.55,353.31K,1.43
1/20/2015,21.65,21.75,21.79,21.61,68.61K,-0.09
1/19/2015,21.67,21.66,21.73,21.5,40.58K,0.28
1/16/2015,21.61,21.55,21.7,21.48,261.74K,0.14
1/15/2015,21.58,21.77,21.83,21.48,162.19K,-0.69
1/14/2015,21.73,21.75,21.82,21.56,292.92K,-1.45
1/13/2015,22.05,22.1,22.35,21.82,168.41K,-0.27
1/12/2015,22.11,22.32,22.33,21.98,252.32K,-1.38
1/9/2015,22.42,22.88,22.88,22.37,410.14K,-1.75
1/8/2015,22.82,22.84,22.93,22.72,94.88K,0.53
1/7/2015,22.7,22.87,23.02,22.65,601.25K,-0.04
1/6/2015,22.71,22.86,22.88,22.48,234.28K,-1.13
1/5/2015,22.97,23.48,23.48,22.81,478.94K,-2.67
1/2/2015,23.6,23.54,23.68,23.37,128.97K,0.43
12/31/2014,23.5,23.51,23.51,23.3,77.46K,0.13
12/30/2014,23.47,23.7,23.7,23.43,135.41K,-0.64
12/29/2014,23.62,23.5,23.72,23.5,299.82K,0.55
12/24/2014,23.49,23.47,23.55,23.45,124.96K,-0.09
12/23/2014,23.51,23.29,23.56,23.29,147.72K,1.47
12/22/2014,23.17,23.19,23.26,23.13,78.07K,0.3
12/19/2014,23.1,23.16,23.18,22.9,150.87K,0.48
12/18/2014,22.99,23.23,23.23,22.89,206.60K,0.48
12/17/2014,22.88,22.64,22.93,22.55,219.94K,1.19
12/16/2014,22.61,22.38,22.88,22.22,315.90K,0.89
12/15/2014,22.41,22.37,22.47,22.15,134.76K,0.45
12/12/2014,22.31,22.63,22.67,22.26,342.39K,-1.63
12/11/2014,22.68,22.54,22.87,22.48,154.10K,0.35
12/10/2014,22.6,22.97,22.97,22.45,364.61K,-1.74
12/9/2014,23,22.91,23,22.74,279.97K,-0.48
12/8/2014,23.11,23.29,23.32,22.62,689.71K,-1.41
12/5/2014,23.44,23.62,23.63,23.17,148.01K,-0.51
12/4/2014,23.56,24.01,24.01,23.46,394.03K,-2.44
12/3/2014,24.15,24.21,24.22,24.07,51.17K,-0.04
12/2/2014,24.16,24.24,24.31,24.13,42.75K,-0.94
12/1/2014,24.39,24.61,24.62,24.27,65.84K,-0.93
11/28/2014,24.62,24.62,24.76,24.62,49.20K,0.16
11/27/2014,24.58,24.58,24.68,24.55,20.78K,0.2
11/26/2014,24.53,24.5,24.54,24.5,12.17K,0.33
11/25/2014,24.45,24.48,24.5,24.42,28.48K,0.12
11/24/2014,24.42,24.52,24.52,24.34,26.95K,-0.41
11/21/2014,24.52,24.63,24.64,24.51,47.78K,-0.08
11/20/2014,24.54,24.52,24.63,24.51,66.33K,0
11/19/2014,24.54,24.47,24.58,24.39,128.22K,0.37
11/18/2014,24.45,24.58,24.58,24.44,108.56K,-0.33
11/17/2014,24.53,24.45,24.65,24.45,58.93K,0.29
11/14/2014,24.46,24.49,24.5,24.42,90.04K,-0.08
11/13/2014,24.48,24.46,24.54,24.39,2.03M,0.45
11/12/2014,24.37,24.27,24.39,24.24,87.77K,0.33
11/11/2014,24.29,24.27,24.4,24.27,41.39K,0.29
11/10/2014,24.22,24.19,24.24,24.15,32.10K,0.46
11/7/2014,24.11,24.11,24.21,24.04,19.41K,-0.08
11/6/2014,24.13,24.31,24.33,24.07,31.48K,-0.41
11/5/2014,24.23,24.04,24.26,24,57.48K,1.08
11/4/2014,23.97,23.96,24.05,23.84,48.41K,-0.13
11/3/2014,24,24.08,24.08,23.91,50.19K,-0.25
10/31/2014,24.06,24.06,24.17,24.01,128.78K,0.8
10/30/2014,23.87,23.84,23.96,23.77,205.55K,0.21
10/29/2014,23.82,23.98,23.98,23.71,48.92K,-0.38
10/28/2014,23.91,23.82,23.98,23.82,205.11K,0.46
10/27/2014,23.8,23.74,23.82,23.64,31.39K,0.25
10/24/2014,23.74,23.71,23.81,23.7,22.38K,0.17
10/23/2014,23.7,23.5,23.73,23.5,38.66K,1.46
10/22/2014,23.36,23.65,23.65,23.33,53.20K,-0.85
10/21/2014,23.56,23.51,23.64,23.33,52.26K,0.77
10/20/2014,23.38,23.37,23.41,23.19,82.86K,0.43
10/17/2014,23.28,23.21,23.32,23,95.06K,1.93
10/16/2014,22.84,22.34,23.1,22.27,154.52K,0.35
10/15/2014,22.76,23.08,23.1,22.44,122.36K,-2.23
10/14/2014,23.28,23.39,23.51,23.24,58.47K,-1.15
10/10/2014,23.55,23.75,23.87,23.55,35.75K,-1.38
10/9/2014,23.88,23.92,23.92,23.66,61.61K,0
10/8/2014,23.88,23.6,23.9,23.55,41.96K,1.36
10/7/2014,23.56,23.63,23.73,23.55,10.19K,-0.55
10/6/2014,23.69,23.75,23.9,23.67,80.88K,0.08
10/3/2014,23.67,23.63,23.81,23.63,40.10K,0.38
10/2/2014,23.58,23.56,23.58,23.29,93.34K,-0.3
10/1/2014,23.65,23.85,23.85,23.59,88.77K,-0.59
9/30/2014,23.79,23.69,23.95,23.55,46.41K,0.3
9/29/2014,23.72,23.83,23.83,23.57,72.69K,-0.75
9/26/2014,23.9,23.73,24.09,23.57,179.92K,0.67
9/25/2014,23.74,24.19,24.19,23.68,117.94K,-2.3
9/24/2014,24.3,24.44,24.44,24.15,51.83K,-0.57
9/23/2014,24.44,24.43,24.5,24.39,23.03K,-0.2
9/22/2014,24.49,24.52,24.65,24.44,42.19K,-0.45
9/19/2014,24.6,24.84,24.85,24.53,49.68K,-1.17
9/18/2014,24.89,24.84,24.91,24.82,25.10K,0.32
9/17/2014,24.81,24.85,24.88,24.76,38.09K,-0.08
9/16/2014,24.83,24.7,24.88,24.7,57.60K,0.32
9/15/2014,24.75,24.76,24.79,24.69,34.38K,-0.04
9/12/2014,24.76,24.72,24.81,24.7,21.89K,0.2
9/11/2014,24.71,24.63,24.8,24.62,89.76K,0.2
9/10/2014,24.66,24.62,24.69,24.58,167.37K,0.08
9/9/2014,24.64,24.56,24.73,24.47,254.80K,0.28
9/8/2014,24.57,24.55,24.62,24.53,16.08K,0
9/5/2014,24.57,24.65,24.65,24.5,38.46K,-0.28
9/4/2014,24.64,24.63,24.68,24.58,112.28K,0.12
9/3/2014,24.61,24.62,24.67,24.54,22.23K,0.37
9/2/2014,24.52,24.4,24.53,24.29,64.33K,0.53
8/29/2014,24.39,24.29,24.39,24.15,64.33K,0.33
8/28/2014,24.31,24.34,24.34,24.2,41.96K,-0.21
8/27/2014,24.36,24.2,24.39,24.18,236.58K,0.91
8/26/2014,24.14,24.29,24.29,24.08,287.78K,-0.94
8/25/2014,24.37,24.3,24.44,24.29,112.04K,0.37
8/22/2014,24.28,24.47,24.47,24.23,30.43K,-0.45
8/21/2014,24.39,24.28,24.43,24.28,277.44K,0.49
8/20/2014,24.27,24.16,24.29,24.09,131.58K,0.54
8/19/2014,24.14,24.01,24.18,24,328.99K,0.96
8/18/2014,23.91,23.91,24.02,23.91,143.93K,0.29
8/15/2014,23.84,23.95,23.97,23.69,184.21K,-0.21
8/14/2014,23.89,23.78,23.91,23.78,55.36K,0.59
8/13/2014,23.75,23.82,23.82,23.71,37.48K,0.04
8/12/2014,23.74,23.72,23.83,23.69,67.05K,0.3
8/11/2014,23.67,23.52,23.73,23.5,74.04K,0.72
8/8/2014,23.5,23.59,23.61,23.4,173.36K,-0.51
8/7/2014,23.62,23.8,23.8,23.47,187.77K,-0.51
8/6/2014,23.74,23.6,23.79,23.57,2.16M,0.13
8/5/2014,23.71,23.86,23.9,23.68,150.28K,-0.08
8/1/2014,23.73,23.99,24.01,23.63,153.97K,-1.21
7/31/2014,24.02,24.13,24.3,23.93,575.87K,-0.54
7/30/2014,24.15,24.08,24.18,24.07,327.10K,0.54
7/29/2014,24.02,24.04,24.11,24.02,71.97K,0.13
7/28/2014,23.99,23.91,24.03,23.91,43.99K,0.08
7/25/2014,23.97,23.84,24.08,23.84,116.58K,0.59
7/24/2014,23.83,23.8,23.85,23.74,109.76K,0.25
7/23/2014,23.77,23.82,23.82,23.74,24.70K,-0.04
7/22/2014,23.78,23.66,23.78,23.64,1.17M,0.63
7/21/2014,23.63,23.65,23.65,23.58,57.10K,-0.13
7/18/2014,23.66,23.55,23.68,23.54,18.57K,0.47
7/17/2014,23.55,23.57,23.58,23.51,17.28K,-0.13
7/16/2014,23.58,23.49,23.59,23.49,51.58K,0.55
7/15/2014,23.45,23.36,23.48,23.36,29.04K,0.39
7/14/2014,23.36,23.31,23.4,23.31,155.78K,0.43
7/11/2014,23.26,23.3,23.3,23.21,40.78K,-0.04
7/10/2014,23.27,23.16,23.29,23.16,47.48K,-0.13
7/9/2014,23.3,23.17,23.33,23.17,132.08K,0.56
7/8/2014,23.17,23.12,23.18,23.04,134.88K,0.09
7/7/2014,23.15,23.11,23.15,23.03,129.18K,0.09
7/4/2014,23.13,23.07,23.14,23.07,112.34K,0.35
7/3/2014,23.05,23.08,23.17,23.04,144.52K,0.22
7/2/2014,23,22.95,23.02,22.94,102.13K,0.57
6/30/2014,22.87,22.91,22.99,22.87,108.95K,-0.04
6/27/2014,22.88,22.74,22.89,22.74,116.92K,0.7
6/26/2014,22.72,22.66,22.74,22.61,171.06K,0.31
6/25/2014,22.65,22.71,22.75,22.64,26.84K,-0.53
6/24/2014,22.77,22.81,22.86,22.76,39.43K,-0.18
6/23/2014,22.81,22.78,22.81,22.67,98.71K,0.13
6/20/2014,22.78,22.84,22.84,22.74,48.02K,0.09
6/19/2014,22.76,22.81,22.81,22.69,51.80K,-0.18
6/18/2014,22.8,22.79,22.81,22.73,47.24K,0.18
6/17/2014,22.76,22.76,22.79,22.73,23.47K,0.09
6/16/2014,22.74,22.68,22.81,22.68,76.60K,0.18
6/13/2014,22.7,22.66,22.78,22.66,101.22K,0.27
6/12/2014,22.64,22.71,22.71,22.55,94.29K,-0.22
6/11/2014,22.69,22.75,22.76,22.63,70.74K,-0.35
6/10/2014,22.77,22.74,22.84,22.74,20.12K,0.09
6/9/2014,22.75,22.68,22.81,22.68,77.23K,0.4
6/6/2014,22.66,22.65,22.71,22.62,14.84K,0.22
6/5/2014,22.61,22.67,22.67,22.59,68.74K,-0.4
6/4/2014,22.7,22.57,22.72,22.49,58.15K,0.53
6/3/2014,22.58,22.5,22.65,22.46,217.93K,0.36
6/2/2014,22.5,22.53,22.55,22.46,69.88K,-0.09
5/30/2014,22.52,22.44,22.52,22.4,16.10K,0.04
5/29/2014,22.51,22.6,22.61,22.41,196.55K,-0.53
5/28/2014,22.63,22.69,22.73,22.6,30.91K,-0.35
5/27/2014,22.71,22.75,22.75,22.68,47.93K,0.09
5/26/2014,22.69,22.72,22.75,22.68,123.11K,0.27
5/23/2014,22.63,22.65,22.68,22.61,148.57K,0.18
5/22/2014,22.59,22.46,22.65,22.46,224.64K,1.3
5/21/2014,22.3,22.17,22.33,22.16,105.68K,0.77
5/20/2014,22.13,22.13,22.15,22.04,55.00K,0.23
5/16/2014,22.08,22.22,22.22,22.06,43.43K,-0.67
5/15/2014,22.23,22.3,22.3,22.14,107.12K,-0.13
5/14/2014,22.26,22.28,22.28,22.24,57.92K,-0.09
5/13/2014,22.28,22.2,22.28,22.2,94.23K,0.13
5/12/2014,22.25,22.22,22.25,22.2,37.45K,0.23
5/9/2014,22.2,22.17,22.2,22.16,19.60K,-0.13
5/8/2014,22.23,22.23,22.29,22.17,345.08K,0.14
5/7/2014,22.2,22.13,22.23,22.1,134.64K,0.27
5/6/2014,22.14,22.2,22.2,22.09,23.56K,-0.18
5/5/2014,22.18,22.21,22.21,22.12,86.42K,-0.4
5/2/2014,22.27,22.22,22.28,22.2,101.98K,0.32
5/1/2014,22.2,22.3,22.3,22.14,131.71K,-0.31
4/30/2014,22.27,22.08,22.28,22.08,88.44K,0.77
4/29/2014,22.1,22.07,22.13,22.07,55.05K,0.45
4/28/2014,22,22.02,22.03,21.97,77.63K,0
4/25/2014,22,21.97,22.01,21.9,80.83K,-0.27
4/24/2014,22.06,22.08,22.11,22.04,20.05K,0.09
4/23/2014,22.04,22.11,22.11,22.03,15.04K,-0.23
4/22/2014,22.09,22.17,22.17,22.06,36.12K,-0.23
4/21/2014,22.14,22.14,22.19,22.13,61.66K,0.05
4/17/2014,22.13,22.03,22.13,22.03,47.03K,0.45
4/16/2014,22.03,21.96,22.05,21.95,267.59K,0.59
4/15/2014,21.9,21.91,21.96,21.83,59.18K,0.18
4/14/2014,21.86,21.94,21.94,21.81,129.83K,0.09
4/11/2014,21.84,21.8,21.84,21.72,85.62K,-0.23
4/10/2014,21.89,22.05,22.05,21.81,189.10K,-0.68
4/9/2014,22.04,21.96,22.05,21.96,14.92K,0.27
4/8/2014,21.98,21.89,22.01,21.85,71.48K,0.46
4/7/2014,21.88,21.83,21.9,21.8,102.56K,0.09
4/4/2014,21.86,21.92,21.92,21.83,50.22K,0.05
4/3/2014,21.85,21.92,21.92,21.76,81.01K,-0.18
4/2/2014,21.89,21.9,21.9,21.84,601.49K,0
4/1/2014,21.89,21.79,21.89,21.78,123.62K,0.6
3/31/2014,21.76,21.69,21.8,21.69,334.99K,0.65
3/28/2014,21.62,21.64,21.7,21.6,359.28K,0.32
3/27/2014,21.55,21.69,21.69,21.49,205.91K,-0.42
3/26/2014,21.64,21.77,21.77,21.59,103.41K,-0.69
3/25/2014,21.79,21.83,21.83,21.77,127.04K,0.18
3/24/2014,21.75,21.75,21.8,21.68,55.04K,0.23
3/21/2014,21.7,21.65,21.73,21.65,30.74K,0.09
3/20/2014,21.68,21.61,21.7,21.55,102.95K,0.37
3/19/2014,21.6,21.63,21.63,21.56,19.74K,0.05
3/18/2014,21.59,21.56,21.61,21.54,92.36K,0.42
3/17/2014,21.5,21.47,21.59,21.47,77.07K,0.33
3/14/2014,21.43,21.48,21.53,21.4,75.53K,-0.46
3/13/2014,21.53,21.72,21.73,21.46,53.39K,-0.78
3/12/2014,21.7,21.6,21.7,21.53,68.24K,0.23
3/11/2014,21.65,21.48,21.66,21.45,200.12K,0.89
3/10/2014,21.46,21.38,21.47,21.38,40.86K,0.37
3/7/2014,21.38,21.45,21.45,21.33,45.88K,-0.14
3/6/2014,21.41,21.45,21.45,21.36,183.14K,0
3/5/2014,21.41,21.38,21.42,21.29,113.25K,0.42
3/4/2014,21.32,21.36,21.42,21.25,188.76K,0.42
3/3/2014,21.23,21.22,21.36,21.14,203.67K,-0.75
2/28/2014,21.39,21.38,21.51,21.37,83.91K,-0.05
2/27/2014,21.4,21.32,21.4,21.29,74.90K,0.8
2/26/2014,21.23,21.3,21.33,21.22,154.61K,-0.05
2/25/2014,21.24,21.28,21.32,21.2,137.64K,0.05
2/24/2014,21.23,21.28,21.33,21.19,459.60K,-0.09
2/21/2014,21.25,21.33,21.33,21.23,126.65K,-0.23
2/20/2014,21.3,21.24,21.33,21.23,143.29K,0.33
2/19/2014,21.23,21.1,21.28,21.1,338.81K,0.76
2/18/2014,21.07,21.17,21.18,21.07,152.89K,-0.05
2/14/2014,21.08,21.02,21.1,20.98,87.51K,0.48
2/13/2014,20.98,20.79,21,20.75,65.30K,0.82
2/12/2014,20.81,20.78,20.87,20.78,112.38K,0.68
2/11/2014,20.67,20.67,20.78,20.65,48.73K,0.39
2/10/2014,20.59,20.65,20.69,20.55,30.22K,0
2/7/2014,20.59,20.74,20.74,20.52,33.57K,-0.15
2/6/2014,20.62,20.44,20.67,20.39,123.42K,1.48
2/5/2014,20.32,20.18,20.36,20.08,158.20K,1.04
2/4/2014,20.11,20.21,20.23,20.11,29.09K,-0.2
2/3/2014,20.15,20.35,20.35,20.05,98.32K,-0.84
1/31/2014,20.32,20.39,20.39,20.24,70.55K,-1.12
1/30/2014,20.55,20.49,20.58,20.46,42.75K,0.64
1/29/2014,20.42,20.54,20.54,20.37,70.93K,-0.97
1/28/2014,20.62,20.61,20.67,20.5,28.21K,-0.05
1/27/2014,20.63,20.94,20.94,20.54,179.15K,-1.53
1/24/2014,20.95,21.17,21.17,20.93,143.66K,-1.37
1/23/2014,21.24,21.33,21.33,21.23,59.07K,-0.79
1/22/2014,21.41,21.4,21.43,21.33,19.14K,0.14
1/21/2014,21.38,21.59,21.59,21.36,132.38K,0.05
1/20/2014,21.37,21.21,21.39,21.21,216.45K,0.8
1/17/2014,21.2,21.08,21.24,21.08,115.93K,0.47
1/16/2014,21.1,21.07,21.1,20.98,48.03K,0.14
1/15/2014,21.07,21.07,21.07,21.01,25.08K,0.33
1/14/2014,21,21.15,21.15,21,31.94K,-0.47
1/13/2014,21.1,21.07,21.16,21.06,41.29K,0.14
1/10/2014,21.07,21.15,21.15,21.04,32.99K,-0.09
1/9/2014,21.09,21.06,21.11,20.96,32.89K,0.29
1/8/2014,21.03,21.06,21.06,20.95,39.78K,0
1/7/2014,21.03,21.11,21.18,21.03,55.50K,-0.1
1/6/2014,21.05,21.24,21.24,21.02,64.00K,-0.85
1/3/2014,21.23,21.23,21.24,21.17,39.52K,-0.05
1/2/2014,21.24,21.27,21.27,21.11,60.81K,-0.38
12/31/2013,21.32,21.27,21.33,21.27,56.06K,0.28
12/30/2013,21.26,21.2,21.26,21.18,16.69K,0.14
12/27/2013,21.23,21.23,21.26,21.18,15.01K,0.43
12/24/2013,21.14,21.1,21.16,21.1,19.58K,0.05
12/23/2013,21.13,21.16,21.16,21.06,62.22K,0.33
12/20/2013,21.06,21.05,21.16,21.05,298.50K,0.38
12/19/2013,20.98,20.95,21,20.93,121.07K,0.24
12/18/2013,20.93,20.75,20.94,20.75,95.34K,1.01
12/17/2013,20.72,20.8,20.8,20.69,31.38K,0
12/16/2013,20.72,20.66,20.8,20.66,57.87K,0.73
12/13/2013,20.57,20.6,20.65,20.5,62.34K,-0.19
12/12/2013,20.61,20.61,20.68,20.55,68.07K,-0.29
12/11/2013,20.67,20.83,20.84,20.64,141.00K,-0.96
12/10/2013,20.87,21,21,20.87,38.10K,-0.62
12/9/2013,21,20.95,21.09,20.94,114.86K,0.48
12/6/2013,20.9,20.69,20.96,20.69,103.09K,1.26
12/5/2013,20.64,20.72,20.75,20.6,75.72K,-0.96
12/4/2013,20.84,20.91,20.95,20.78,172.00K,-0.71
12/3/2013,20.99,21.22,21.22,20.85,551.95K,-1.96
12/2/2013,21.41,21.35,21.45,21.31,283.40K,0.05
11/29/2013,21.4,21.37,21.5,21.33,163.22K,0.14
11/28/2013,21.37,21.42,21.42,21.36,23.70K,-0.09
11/27/2013,21.39,21.37,21.5,21.37,136.81K,-0.14
11/26/2013,21.42,21.59,21.6,21.34,327.78K,-1.06
11/25/2013,21.65,21.66,21.75,21.63,152.16K,0
11/22/2013,21.65,21.62,21.68,21.61,196.67K,0.19
11/21/2013,21.61,21.64,21.64,21.61,36.46K,-0.09
11/20/2013,21.63,21.64,21.64,21.55,98.84K,0.19
11/19/2013,21.59,21.58,21.64,21.52,57.93K,0.09
11/18/2013,21.57,21.61,21.63,21.54,106.93K,0.05
11/15/2013,21.56,21.54,21.57,21.54,95.42K,0.23
11/14/2013,21.51,21.42,21.55,21.42,152.60K,0.37
11/13/2013,21.43,21.22,21.45,21.22,160.15K,0.75
11/12/2013,21.27,21.21,21.3,21.2,49.67K,0.24
11/11/2013,21.22,21.28,21.29,21.22,36.35K,-0.05
11/8/2013,21.23,21.1,21.3,21.1,197.50K,0.62
11/7/2013,21.1,21.23,21.23,21.07,99.25K,-0.33
11/6/2013,21.17,21.16,21.2,21.15,21.70K,0.47
11/5/2013,21.07,21.11,21.11,20.98,46.27K,-0.28
11/4/2013,21.13,21.23,21.23,21.06,28.08K,-0.05
11/1/2013,21.14,21.12,21.23,21.12,53.16K,0.38
10/31/2013,21.06,21.05,21.22,21.05,94.67K,0.05
10/30/2013,21.05,21.05,21.06,20.93,136.11K,0.24
10/29/2013,21,20.9,21.04,20.9,183.45K,0.86
10/28/2013,20.82,20.84,20.85,20.78,35.94K,-0.1
10/25/2013,20.84,20.76,20.87,20.76,186.80K,0.39
10/24/2013,20.76,20.78,20.84,20.73,94.43K,0.1
10/23/2013,20.74,20.74,20.83,20.72,147.01K,0.05
10/22/2013,20.73,20.7,20.79,20.7,180.99K,0.53
10/21/2013,20.62,20.53,20.65,20.49,231.56K,0.63
10/18/2013,20.49,20.37,20.57,20.37,633.81K,0.79
10/17/2013,20.33,20.21,20.34,20.17,304.40K,0.64
10/16/2013,20.2,20.16,20.22,20.13,119.18K,0.15
10/15/2013,20.17,20.13,20.2,20.01,250.41K,0.35
10/11/2013,20.1,20.12,20.14,20.09,151.95K,0.3
10/10/2013,20.04,19.89,20.1,19.89,376.60K,1.21
10/9/2013,19.8,19.76,19.85,19.75,54.53K,0.15
10/8/2013,19.77,19.81,19.87,19.72,72.82K,-0.3
10/7/2013,19.83,19.78,19.89,19.74,58.60K,-0.05
10/4/2013,19.84,19.77,19.85,19.77,33.49K,0.15
10/3/2013,19.81,19.93,19.93,19.78,164.86K,-0.5
10/2/2013,19.91,19.91,19.92,19.85,14.43K,-0.25
10/1/2013,19.96,19.86,19.99,19.85,23.60K,0.55
9/30/2013,19.85,19.79,19.96,19.79,40.74K,-0.2
9/27/2013,19.89,19.84,19.89,19.83,8.65K,0.15
9/26/2013,19.86,19.8,19.89,19.8,17.60K,0.3
9/25/2013,19.8,19.86,19.88,19.78,14.34K,-0.4
9/24/2013,19.88,19.82,19.89,19.81,19.61K,0.35
9/23/2013,19.81,19.76,19.83,19.76,65.97K,0.46
9/20/2013,19.72,19.8,19.81,19.72,129.83K,0.1
9/19/2013,19.7,19.77,19.77,19.63,166.96K,-0.05
9/18/2013,19.71,19.74,19.75,19.69,176.92K,0.15
9/17/2013,19.68,19.68,19.74,19.67,14.36K,0.2
9/16/2013,19.64,19.54,19.69,19.54,25.88K,0.98
9/13/2013,19.45,19.52,19.56,19.45,77.65K,-0.36
9/12/2013,19.52,19.62,19.62,19.46,61.24K,-0.56
9/11/2013,19.63,19.6,19.65,19.55,4.80K,0.15
9/10/2013,19.6,19.7,19.7,19.57,49.84K,-0.41
9/9/2013,19.68,19.67,19.7,19.66,20.85K,0.2
9/6/2013,19.64,19.75,19.75,19.62,123.09K,-0.3
9/5/2013,19.7,19.46,19.71,19.46,235.14K,1.44
9/4/2013,19.42,19.4,19.5,19.38,18.12K,0.1
9/3/2013,19.4,19.44,19.49,19.38,21.72K,0.05
8/30/2013,19.39,19.43,19.47,19.39,159.48K,-0.15
8/29/2013,19.42,19.21,19.47,19.21,309.54K,1.57
8/28/2013,19.12,19.02,19.14,19.01,182.97K,0.58
8/27/2013,19.01,19.1,19.11,18.95,242.73K,-1.04
8/26/2013,19.21,19.16,19.27,19.16,716.11K,0.47
8/23/2013,19.12,19.02,19.17,19.02,196.52K,0.63
8/22/2013,19,18.96,19.05,18.95,76.45K,0.42
8/21/2013,18.92,18.94,18.97,18.81,138.67K,-0.16
8/20/2013,18.95,18.83,19.03,18.83,416.67K,0.69
8/19/2013,18.82,18.87,18.87,18.8,18.02K,-0.58
8/16/2013,18.93,18.77,18.98,18.75,22.27K,0.69
8/15/2013,18.8,18.79,18.8,18.68,579.94K,-0.32
8/14/2013,18.86,18.9,18.9,18.8,215.75K,-0.16
8/13/2013,18.89,18.76,18.93,18.76,436.94K,0.8
8/12/2013,18.74,18.7,18.76,18.66,28.94K,0.11
8/9/2013,18.72,18.78,18.78,18.69,38.16K,-0.43
8/8/2013,18.8,18.67,18.85,18.67,103.57K,0.59
8/7/2013,18.69,18.68,18.74,18.63,37.10K,-0.48
8/6/2013,18.78,18.9,18.9,18.7,119.27K,-0.84
8/2/2013,18.94,18.78,18.96,18.78,52.44K,0.48
8/1/2013,18.85,18.93,18.99,18.77,163.85K,0.05
7/31/2013,18.84,19.07,19.07,18.82,80.43K,-0.89
7/30/2013,19.01,19.11,19.13,18.98,51.81K,-0.52
7/29/2013,19.11,18.95,19.12,18.95,208.55K,0.53
7/26/2013,19.01,18.92,19.02,18.92,52.05K,-0.16
7/25/2013,19.04,19.04,19.07,18.98,236.70K,0.11
7/24/2013,19.02,18.98,19.11,18.98,88.12K,0.26
7/23/2013,18.97,19.04,19.07,18.96,394.26K,-0.37
7/22/2013,19.04,18.93,19.04,18.93,59.78K,0.47
7/19/2013,18.95,18.9,18.99,18.9,140.83K,0.11
7/18/2013,18.93,18.69,18.93,18.69,1.10M,1.5
7/17/2013,18.65,18.46,18.69,18.46,1.35M,1.08
7/16/2013,18.45,18.52,18.52,18.39,24.35K,0.05
7/15/2013,18.44,18.42,18.49,18.42,87.97K,0.44
7/12/2013,18.36,18.36,18.4,18.35,254.19K,0.22
7/11/2013,18.32,18.2,18.33,18.19,356.93K,1.22
7/10/2013,18.1,18.19,18.19,18.06,35.85K,-0.44
7/9/2013,18.18,18.12,18.18,18.01,60.17K,0.78
7/8/2013,18.04,18.05,18.11,18.02,23.32K,0.22
7/5/2013,18,18.03,18.06,17.95,11.21K,-0.17
7/4/2013,18.03,18.04,18.06,17.99,10.40K,0.39
7/3/2013,17.96,18.01,18.01,17.85,17.53K,-0.44
7/2/2013,18.04,18.29,18.29,17.97,12.35K,-0.61
6/28/2013,18.15,18.02,18.15,18.02,20.09K,0.28
6/27/2013,18.1,18.04,18.1,17.98,32.66K,0.78
6/26/2013,17.96,17.9,18,17.87,65.94K,0.79
6/25/2013,17.82,17.68,17.82,17.66,27.35K,0.73
6/24/2013,17.69,17.62,17.77,17.53,54.94K,-0.06
6/21/2013,17.7,17.71,17.81,17.63,42.22K,0.34
6/20/2013,17.64,17.84,17.89,17.61,58.62K,-1.84
6/19/2013,17.97,18.12,18.12,17.96,47.37K,-0.99
6/18/2013,18.15,18.09,18.19,18.08,16.08K,0.5
6/17/2013,18.06,18.06,18.12,18.06,18.50K,0.56
6/14/2013,17.96,18.04,18.08,17.91,60.35K,-0.61
6/13/2013,18.07,17.77,18.13,17.71,34.15K,1.69
6/12/2013,17.77,18,18,17.75,55.37K,-0.84
6/11/2013,17.92,18,18.08,17.89,93.90K,-0.94
6/10/2013,18.09,18.06,18.15,17.99,43.31K,0.5
6/7/2013,18,18.05,18.06,17.9,14.06K,0.06
6/6/2013,17.99,18.09,18.11,17.86,30.46K,-0.77
6/5/2013,18.13,18.28,18.3,18.08,31.42K,-1.15
6/4/2013,18.34,18.31,18.39,18.3,26.81K,0.22
6/3/2013,18.3,18.42,18.45,18.24,83.53K,-0.33
5/31/2013,18.36,18.53,18.53,18.36,48.02K,-1.08
5/30/2013,18.56,18.63,18.63,18.54,18.89K,-0.38
5/29/2013,18.63,18.65,18.68,18.59,35.14K,-0.69
5/28/2013,18.76,18.73,18.78,18.68,35.88K,0.11
5/27/2013,18.74,18.76,18.78,18.7,23.05K,0.16
5/24/2013,18.71,18.61,18.73,18.61,18.15K,0.38
5/23/2013,18.64,18.54,18.66,18.5,22.53K,-0.11
5/22/2013,18.66,18.74,18.85,18.64,81.42K,-0.27
5/21/2013,18.71,18.45,18.74,18.43,96.71K,1.68
5/17/2013,18.4,18.2,18.41,18.2,62.92K,0.88
5/16/2013,18.24,18.26,18.35,18.23,21.83K,0.11
5/15/2013,18.22,18.31,18.31,18.13,49.42K,-0.6
5/14/2013,18.33,18.43,18.44,18.31,54.74K,-0.33
5/13/2013,18.39,18.48,18.48,18.31,59.39K,-0.33
5/10/2013,18.45,18.48,18.5,18.43,18.02K,0
5/9/2013,18.45,18.67,18.67,18.45,17.81K,-0.97
5/8/2013,18.63,18.56,18.65,18.54,84.54K,0.49
5/7/2013,18.54,18.46,18.58,18.46,74.46K,0.54
5/6/2013,18.44,18.47,18.5,18.42,28.48K,-0.05
5/3/2013,18.45,18.53,18.56,18.45,18.34K,0.05
5/2/2013,18.44,18.34,18.49,18.27,19.30K,0.49
5/1/2013,18.35,18.5,18.5,18.28,29.26K,-0.76
4/30/2013,18.49,18.3,18.52,18.25,85.43K,0.93
4/29/2013,18.32,18.25,18.35,18.2,50.17K,0.77
4/26/2013,18.18,18.23,18.23,18.14,38.35K,-0.33
4/25/2013,18.24,18.3,18.3,18.2,109.59K,-0.27
4/24/2013,18.29,18.17,18.29,18.12,28.84K,0.72
4/23/2013,18.16,18.17,18.22,18.1,19.31K,0.28
4/22/2013,18.11,18.19,18.19,18.07,14.56K,-0.22
4/19/2013,18.15,18.03,18.15,18.03,286.68K,0.61
4/18/2013,18.04,18.05,18.08,18,57.17K,-0.22
4/17/2013,18.08,18.17,18.2,17.98,112.71K,-0.77
4/16/2013,18.22,18.1,18.22,18.02,54.65K,1.11
4/15/2013,18.02,18.19,18.28,18.02,76.74K,-1.48
4/12/2013,18.29,18.28,18.29,18.2,107.35K,-0.11
4/11/2013,18.31,18.45,18.45,18.29,21.28K,-0.49
4/10/2013,18.4,18.27,18.46,18.25,25.46K,1.32
4/9/2013,18.16,18.09,18.27,18.04,108.74K,0.55
4/8/2013,18.06,18.06,18.09,17.91,30.66K,-0.11
4/5/2013,18.08,18.17,18.17,17.95,247.55K,-0.93
4/4/2013,18.25,18.48,18.48,18.23,32.07K,-1.19
4/3/2013,18.47,18.66,18.66,18.38,34.05K,-0.97
4/2/2013,18.65,18.53,18.65,18.53,31.35K,0.7
4/1/2013,18.52,18.54,18.59,18.51,21.24K,-0.27
3/28/2013,18.57,18.38,18.57,18.32,76.55K,0.87
3/27/2013,18.41,18.5,18.5,18.39,19.95K,-0.65
3/26/2013,18.53,18.6,18.6,18.51,43.36K,0.05
3/25/2013,18.52,18.61,18.64,18.48,42.69K,-0.48
3/22/2013,18.61,18.54,18.67,18.51,29.10K,0.54
3/21/2013,18.51,18.63,18.63,18.47,54.80K,-0.8
3/20/2013,18.66,18.72,18.73,18.61,23.55K,-0.11
3/19/2013,18.68,18.7,18.78,18.65,54.62K,-0.05
3/18/2013,18.69,18.67,18.78,18.63,29.23K,-0.37
3/15/2013,18.76,18.78,18.85,18.73,121.53K,-0.16
3/14/2013,18.79,18.8,18.8,18.65,134.41K,0.21
3/13/2013,18.75,18.93,18.93,18.67,368.15K,-0.85
3/12/2013,18.91,18.93,18.97,18.87,59.24K,-0.32
3/11/2013,18.97,18.9,18.98,18.9,42.29K,0.37
3/8/2013,18.9,18.96,18.96,18.81,283.04K,-0.21
3/7/2013,18.94,19,19,18.91,382.28K,-0.21
3/6/2013,18.98,19.13,19.15,18.97,396.85K,-0.37
3/5/2013,19.05,19.05,19.13,19.05,249.31K,0.42
3/4/2013,18.97,19.03,19.03,18.93,151.65K,-0.37
3/1/2013,19.04,19.03,19.09,18.97,176.94K,-0.16
2/28/2013,19.07,18.99,19.1,18.94,2.66M,0.58
2/27/2013,18.96,18.91,18.96,18.84,25.77K,0.21
2/26/2013,18.92,18.9,18.96,18.86,77.24K,0.26
2/25/2013,18.87,19.04,19.16,18.86,307.05K,-0.84
2/22/2013,19.03,19,19.08,18.99,30.55K,0.26
2/21/2013,18.98,19.06,19.06,18.91,42.65K,-0.47
2/20/2013,19.07,19.05,19.13,19.04,108.72K,0.26
2/19/2013,19.02,18.9,19.05,18.9,175.76K,1.12
2/15/2013,18.81,18.85,18.88,18.79,91.21K,-0.11
2/14/2013,18.83,18.9,18.9,18.74,253.48K,-0.21
2/13/2013,18.87,18.86,18.87,18.81,19.80K,0.48
2/12/2013,18.78,18.82,18.85,18.78,19.42K,-0.21
2/11/2013,18.82,18.84,18.88,18.82,12.88K,0
2/8/2013,18.82,18.75,18.88,18.75,38.51K,0.43
2/7/2013,18.74,18.76,18.82,18.71,27.35K,-0.32
2/6/2013,18.8,18.71,18.8,18.71,407.33K,0.32
2/5/2013,18.74,18.77,18.78,18.7,42.99K,0
2/4/2013,18.74,18.8,18.8,18.69,58.65K,-0.64
2/1/2013,18.86,18.92,18.92,18.83,11.29K,0.27
1/31/2013,18.81,18.96,18.96,18.79,34.14K,-0.48
1/30/2013,18.9,18.89,18.98,18.88,21.80K,-0.26
1/29/2013,18.95,18.96,18.98,18.93,12.68K,-0.11
1/28/2013,18.97,18.95,19.02,18.9,43.29K,0.37
1/25/2013,18.9,18.97,18.97,18.9,16.81K,0.05
1/24/2013,18.89,18.9,18.91,18.86,125.71K,0.27
1/23/2013,18.84,18.85,18.88,18.83,18.15K,-0.11
1/22/2013,18.86,18.8,18.86,18.79,20.28K,0.11
1/21/2013,18.84,18.75,18.84,18.75,8.81K,0.75
1/18/2013,18.7,18.58,18.75,18.58,21.77K,0.65
1/17/2013,18.58,18.57,18.6,18.54,15.58K,0.05
1/16/2013,18.57,18.55,18.57,18.49,37.46K,0.11
1/15/2013,18.55,18.45,18.55,18.44,90.77K,0.38
1/14/2013,18.48,18.43,18.48,18.43,27.83K,0.16
1/11/2013,18.45,18.47,18.51,18.41,36.70K,-0.27
1/10/2013,18.5,18.56,18.56,18.47,47.64K,0.05
1/9/2013,18.49,18.46,18.49,18.43,22.49K,0.33
1/8/2013,18.43,18.46,18.46,18.36,39.10K,0
1/7/2013,18.43,18.48,18.48,18.34,38.82K,-0.16
1/4/2013,18.46,18.32,18.47,18.32,13.23K,0.54
1/3/2013,18.36,18.36,18.41,18.33,24.65K,-0.05
1/2/2013,18.37,18.47,18.51,18.32,38.64K,0.27
12/31/2012,18.32,18.3,18.32,18.22,37.52K,0.11
12/28/2012,18.3,18.26,18.32,18.26,15.96K,-0.16
12/27/2012,18.33,18.4,18.41,18.25,21.25K,-0.54
12/24/2012,18.43,18.47,18.48,18.43,7.81K,-0.22
12/21/2012,18.47,18.42,18.47,18.31,36.66K,0.27
12/20/2012,18.42,18.42,18.45,18.37,42.19K,0
12/19/2012,18.42,18.24,18.44,18.24,36.60K,0.99
12/18/2012,18.24,18.08,18.27,18.08,80.03K,0.88
12/17/2012,18.08,18.09,18.1,17.99,38.72K,0.11
12/14/2012,18.06,18.11,18.14,18.06,22.71K,-0.39
12/13/2012,18.13,18.13,18.13,18.06,31.24K,0.06
12/12/2012,18.12,18.07,18.13,18.07,47.06K,0.55
12/11/2012,18.02,17.98,18.07,17.98,21.65K,0.39
12/10/2012,17.95,17.92,17.95,17.9,30.68K,0.22
12/7/2012,17.91,17.93,17.98,17.87,65.57K,0.11
12/6/2012,17.89,18.11,18.11,17.88,52.14K,-1.11
12/5/2012,18.09,18.02,18.14,18.02,200.82K,0.39
12/4/2012,18.02,18.03,18.06,17.99,182.91K,-0.06
12/3/2012,18.03,18.1,18.1,17.99,120.19K,0.11
11/30/2012,18.01,18.06,18.06,17.97,96.62K,-0.06
11/29/2012,18.02,17.93,18.03,17.93,23.77K,0.9
11/28/2012,17.86,17.79,17.86,17.76,21.42K,0.28
11/27/2012,17.81,17.94,17.94,17.81,36.06K,-0.61
11/26/2012,17.92,17.85,17.92,17.85,24.44K,0.28
11/23/2012,17.87,17.82,17.9,17.81,34.37K,0.45
11/22/2012,17.79,17.82,17.83,17.79,18.55K,0.17
11/21/2012,17.76,17.58,17.76,17.58,51.19K,0.79
11/20/2012,17.62,17.5,17.63,17.45,24.68K,0.8
11/19/2012,17.48,17.52,17.53,17.46,67.12K,0.75
11/16/2012,17.35,17.26,17.35,17.18,38.80K,0.58
11/15/2012,17.25,17.36,17.4,17.19,110.17K,-0.81
11/14/2012,17.39,17.61,17.61,17.39,335.58K,-1.31
11/13/2012,17.62,17.58,17.67,17.56,48.51K,-0.23
11/12/2012,17.66,17.56,17.66,17.56,22.05K,0.51
11/9/2012,17.57,17.5,17.63,17.49,19.42K,0.11
11/8/2012,17.55,17.63,17.68,17.55,126.04K,-0.68
11/7/2012,17.67,17.85,17.85,17.67,263.53K,-0.9
11/6/2012,17.83,17.9,17.91,17.83,23.16K,-0.11
11/5/2012,17.85,17.86,17.9,17.8,113.53K,-0.17
11/2/2012,17.88,17.94,17.94,17.83,232.26K,-0.22
11/1/2012,17.92,17.79,17.92,17.78,122.06K,0.79
10/31/2012,17.78,17.78,17.87,17.75,307.59K,0.34
10/30/2012,17.72,17.67,17.78,17.59,44.06K,0.74
10/29/2012,17.59,17.62,17.68,17.59,119.48K,-0.62
10/26/2012,17.7,17.64,17.76,17.63,86.52K,-0.23
10/25/2012,17.74,17.74,17.77,17.73,175.90K,0.4
10/24/2012,17.67,17.75,17.75,17.65,186.55K,0.17
10/23/2012,17.64,17.75,17.75,17.6,173.80K,-1.18
10/22/2012,17.85,17.83,17.85,17.78,16.93K,0.11
10/19/2012,17.83,17.84,17.84,17.76,21.78K,-0.17
10/18/2012,17.86,17.78,17.86,17.78,152.31K,0.51
10/17/2012,17.77,17.7,17.77,17.7,163.14K,0.4
10/16/2012,17.7,17.66,17.75,17.66,72.58K,0.8
10/15/2012,17.56,17.51,17.59,17.49,91.23K,0.57
10/12/2012,17.46,17.5,17.51,17.42,41.91K,-0.29
10/11/2012,17.51,17.53,17.58,17.49,71.46K,0.06
10/10/2012,17.5,17.56,17.57,17.48,479.08K,-0.46
10/9/2012,17.58,17.68,17.68,17.57,22.87K,-0.51
10/5/2012,17.67,17.73,17.73,17.66,24.68K,0.11
10/4/2012,17.65,17.62,17.68,17.62,159.10K,0.4
10/3/2012,17.58,17.59,17.63,17.55,14.61K,0
10/2/2012,17.58,17.63,17.64,17.54,32.49K,0.11
10/1/2012,17.56,17.61,17.68,17.56,56.98K,0.34
9/28/2012,17.5,17.51,17.51,17.42,37.96K,-0.28
9/27/2012,17.55,17.46,17.59,17.46,20.90K,0.75
9/26/2012,17.42,17.37,17.5,17.37,264.80K,-0.23
9/25/2012,17.46,17.5,17.56,17.44,49.08K,-0.4
9/24/2012,17.53,17.49,17.56,17.41,47.96K,0.23
9/21/2012,17.49,17.56,17.57,17.49,19.35K,-0.23
9/20/2012,17.53,17.49,17.54,17.46,20.09K,0.06
9/19/2012,17.52,17.5,17.54,17.48,29.96K,0.34
9/18/2012,17.46,17.47,17.47,17.44,8.51K,-0.06
9/17/2012,17.47,17.42,17.47,17.42,13.96K,0.06
9/14/2012,17.46,17.5,17.5,17.42,16.19K,0.34
9/13/2012,17.4,17.34,17.42,17.3,87.36K,0.35
9/12/2012,17.34,17.39,17.41,17.33,184.93K,0.17
9/11/2012,17.31,17.43,17.43,17.31,24.80K,-0.52
9/10/2012,17.4,17.35,17.42,17.35,10.52K,0.12
9/7/2012,17.38,17.39,17.39,17.31,22.40K,0.17
9/6/2012,17.35,17.26,17.36,17.26,254.91K,0.75
9/5/2012,17.22,17.17,17.23,17.12,314.73K,0.64
9/4/2012,17.11,17.23,17.23,17.05,41.29K,-0.7
8/31/2012,17.23,17.22,17.31,17.22,36.56K,0.17
8/30/2012,17.2,17.34,17.35,17.15,73.34K,-1.04
8/29/2012,17.38,17.29,17.39,17.28,226.57K,0.81
8/28/2012,17.24,17.33,17.34,17.23,284.15K,0
8/27/2012,17.24,17.24,17.25,17.2,73.50K,0.29
8/24/2012,17.19,17.14,17.24,17.14,48.34K,0.53
8/23/2012,17.1,17.15,17.17,17.07,118.48K,-0.58
8/22/2012,17.2,17.32,17.32,17.19,139.77K,-0.64
8/21/2012,17.31,17.3,17.36,17.3,3.98K,0.23
8/20/2012,17.27,17.31,17.31,17.23,70.87K,-0.17
8/17/2012,17.3,17.19,17.3,17.19,194.52K,0.76
8/16/2012,17.17,17.09,17.18,17.04,102.77K,0.64
8/15/2012,17.06,16.97,17.06,16.97,12.84K,0.53
8/14/2012,16.97,16.91,17.01,16.91,124.45K,0.59
8/13/2012,16.87,16.92,16.92,16.8,120.75K,0
8/10/2012,16.87,16.87,16.88,16.82,63.35K,0.06
8/9/2012,16.86,16.89,16.89,16.86,11.26K,-0.06
8/8/2012,16.87,17.03,17.03,16.87,131.16K,-1.06
8/7/2012,17.05,16.96,17.05,16.96,98.54K,0.95
8/3/2012,16.89,16.85,16.94,16.85,116.67K,1.02
8/2/2012,16.72,16.79,16.83,16.69,217.16K,-0.83
8/1/2012,16.86,16.98,16.98,16.86,286.22K,-0.12
7/31/2012,16.88,16.98,16.99,16.88,101.34K,-0.18
7/30/2012,16.91,16.95,17.01,16.91,27.71K,-0.18
7/27/2012,16.94,16.76,17.01,16.75,657.44K,1.38
7/26/2012,16.71,16.63,16.71,16.59,121.73K,0.54
7/25/2012,16.62,16.72,16.72,16.62,101.91K,-0.36
7/24/2012,16.68,16.78,16.8,16.63,30.78K,-0.6
7/23/2012,16.78,16.83,16.83,16.63,667.23K,-1.06
7/20/2012,16.96,16.98,17.01,16.93,26.06K,-0.41
7/19/2012,17.03,16.98,17.07,16.98,59.11K,0.29
7/18/2012,16.98,16.97,17,16.96,34.76K,0.3
7/17/2012,16.93,16.93,16.96,16.91,44.44K,0.18
7/16/2012,16.9,16.93,16.93,16.85,236.51K,0
7/13/2012,16.9,16.91,16.96,16.9,13.29K,0.24
7/12/2012,16.86,16.92,16.92,16.84,160.23K,-0.88
7/11/2012,17.01,16.81,17.03,16.81,385.66K,0.89
7/10/2012,16.86,16.91,16.99,16.78,271.09K,-0.18
7/9/2012,16.89,16.88,16.95,16.79,437.92K,-0.35
7/6/2012,16.95,17,17.04,16.86,445.81K,-1.05
7/5/2012,17.13,17.17,17.18,17.05,305.21K,-0.06
7/4/2012,17.14,17.06,17.18,17.06,362.56K,0.41
7/3/2012,17.07,16.94,17.1,16.84,568.61K,1.91
6/29/2012,16.75,16.76,16.79,16.7,186.04K,1.15
6/28/2012,16.56,16.53,16.56,16.36,289.93K,-0.18
6/27/2012,16.59,16.53,16.63,16.49,221.95K,0.42
6/26/2012,16.52,16.46,16.53,16.36,335.68K,-0.12
6/25/2012,16.54,16.63,16.63,16.45,286.28K,-1.02
6/22/2012,16.71,16.61,16.74,16.61,239.09K,0.72
6/21/2012,16.59,16.88,16.93,16.57,346.53K,-1.89
6/20/2012,16.91,16.84,16.93,16.78,148.68K,0.48
6/19/2012,16.83,16.55,16.84,16.55,542.90K,2.25
6/18/2012,16.46,16.59,16.66,16.45,77.09K,-0.72
6/15/2012,16.58,16.55,16.61,16.53,91.95K,0.42
6/14/2012,16.51,16.55,16.55,16.43,73.51K,-0.12
6/13/2012,16.53,16.38,16.62,16.38,41.57K,0.61
6/12/2012,16.43,16.34,16.45,16.32,27.44K,0.67
6/11/2012,16.32,16.55,16.55,16.32,32.34K,-0.49
6/8/2012,16.4,16.52,16.58,16.4,123.69K,-1.2
6/7/2012,16.6,16.57,16.64,16.56,122.62K,0.79
6/6/2012,16.47,16.45,16.5,16.44,292.38K,0.73
6/5/2012,16.35,16.14,16.39,16.14,48.17K,1.3
6/4/2012,16.14,16.25,16.33,16,70.77K,-0.86
6/1/2012,16.28,16.49,16.55,16.28,40.43K,-2.51
5/31/2012,16.7,16.52,16.72,16.46,189.14K,1.64
5/30/2012,16.43,16.48,16.5,16.42,18.95K,-0.54
5/29/2012,16.52,16.45,16.53,16.45,29.34K,1.16
5/28/2012,16.33,16.41,16.41,16.2,17.46K,-0.18
5/25/2012,16.36,16.52,16.52,16.35,16.79K,-1.27
5/24/2012,16.57,16.73,16.73,16.44,12.42K,-0.84
5/23/2012,16.71,16.45,16.73,16.38,62.07K,0.66
5/22/2012,16.6,16.62,16.65,16.52,37.05K,1.03
5/18/2012,16.43,16.58,16.61,16.4,90.35K,-0.6
5/17/2012,16.53,16.75,16.76,16.52,30.37K,-1.55
5/16/2012,16.79,16.8,16.89,16.72,75.31K,0.06
5/15/2012,16.78,16.86,16.86,16.78,16.04K,-0.42
5/14/2012,16.85,16.87,16.88,16.82,19.72K,-0.88
5/11/2012,17,16.93,17.09,16.87,21.58K,0.18
5/10/2012,16.97,17.01,17.1,16.96,67.37K,0.12
5/9/2012,16.95,16.86,17.01,16.78,40.85K,0.18
5/8/2012,16.92,17.17,17.17,16.86,121.33K,-1.51
5/7/2012,17.18,16.96,17.18,16.96,89.03K,0.53
5/4/2012,17.09,17.22,17.23,16.99,196.86K,-1.27
5/3/2012,17.31,17.52,17.56,17.3,200.73K,-1.09
5/2/2012,17.5,17.56,17.56,17.45,266.15K,-0.62
5/1/2012,17.61,17.7,17.7,17.59,39.27K,-0.45
4/30/2012,17.69,17.62,17.69,17.53,16.38K,0.23
4/27/2012,17.65,17.5,17.65,17.5,441.77K,1.2
4/26/2012,17.44,17.56,17.57,17.44,38.40K,-0.74
4/25/2012,17.57,17.63,17.63,17.56,51.70K,-0.11
4/24/2012,17.59,17.62,17.7,17.56,219.15K,-0.11
4/23/2012,17.61,17.68,17.68,17.59,320.40K,-1.12
4/20/2012,17.81,17.86,17.89,17.79,363.43K,-0.06
4/19/2012,17.82,17.87,17.88,17.76,781.64K,-0.06
4/18/2012,17.83,17.77,17.9,17.75,64.19K,0.34
4/17/2012,17.77,17.73,17.8,17.65,473.47K,0.62
4/16/2012,17.66,17.58,17.7,17.55,86.82K,0.74
4/13/2012,17.53,17.79,17.79,17.52,274.25K,-1.52
4/12/2012,17.8,17.67,17.83,17.67,221.44K,0.68
4/11/2012,17.68,17.6,17.71,17.6,207.58K,0.68
4/10/2012,17.56,17.7,17.72,17.46,646.00K,-0.9
4/9/2012,17.72,17.7,17.76,17.65,33.51K,-0.34
4/5/2012,17.78,17.85,17.85,17.7,68.72K,-0.78
4/4/2012,17.92,17.78,17.92,17.74,63.71K,0.11
4/3/2012,17.9,17.97,17.99,17.85,53.23K,-1.05
4/2/2012,18.09,17.92,18.12,17.9,221.02K,0.44
3/30/2012,18.01,18.05,18.11,17.98,77.68K,0
3/29/2012,18.01,18.09,18.09,17.85,60.88K,-0.61
3/28/2012,18.12,18.13,18.16,18.02,303.08K,-0.17
3/27/2012,18.15,18.2,18.22,18.14,125.35K,-0.38
3/26/2012,18.22,18.14,18.23,18.14,258.58K,0.89
3/23/2012,18.06,17.98,18.06,17.93,70.30K,0.33
3/22/2012,18,17.88,18.05,17.88,69.02K,0.17
3/21/2012,17.97,17.93,18,17.86,42.89K,0.11
3/20/2012,17.95,17.9,17.97,17.82,57.25K,-0.22
3/19/2012,17.99,18.02,18.06,17.95,288.52K,-0.06
3/16/2012,18,17.94,18.05,17.94,64.41K,0.45
3/15/2012,17.92,17.71,17.96,17.71,217.36K,1.07
3/14/2012,17.73,17.79,17.86,17.71,33.46K,-0.28
3/13/2012,17.78,17.56,17.78,17.55,89.38K,1.37
3/12/2012,17.54,17.54,17.56,17.5,19.27K,0.06
3/9/2012,17.53,17.56,17.58,17.51,12.41K,-0.06
3/8/2012,17.54,17.42,17.56,17.36,79.14K,1.15
3/7/2012,17.34,17.37,17.37,17.23,37.05K,-0.46
3/6/2012,17.42,17.51,17.57,17.38,39.29K,-1.08
3/5/2012,17.61,17.59,17.64,17.49,36.30K,0.17
3/2/2012,17.58,17.64,17.64,17.55,54.46K,-0.06
3/1/2012,17.59,17.49,17.64,17.49,115.31K,0.8
2/29/2012,17.45,17.49,17.51,17.41,40.15K,0
2/28/2012,17.45,17.42,17.47,17.39,61.92K,0.52
2/27/2012,17.36,17.27,17.4,17.2,30.65K,0.35
2/24/2012,17.3,17.33,17.35,17.29,35.07K,-0.4
2/23/2012,17.37,17.32,17.37,17.3,57.15K,-0.12
2/22/2012,17.39,17.44,17.44,17.36,35.22K,-0.17
2/21/2012,17.42,17.31,17.49,17.24,184.23K,0.87
2/17/2012,17.27,17.3,17.3,17.23,175.26K,-0.06
2/16/2012,17.28,17.19,17.28,17.19,153.84K,0.29
2/15/2012,17.23,17.29,17.29,17.19,233.27K,-0.06
2/14/2012,17.24,17.23,17.24,17.15,202.05K,-0.06
2/13/2012,17.25,17.27,17.33,17.21,140.90K,0
2/10/2012,17.25,17.19,17.28,17.12,74.88K,-0.17
2/9/2012,17.28,17.25,17.28,17.22,100.76K,0.12
2/8/2012,17.26,17.2,17.28,17.13,67.89K,0.47
2/7/2012,17.18,17.2,17.24,17.05,148.80K,-0.06
2/6/2012,17.19,17.15,17.23,17.13,91.58K,0.17
2/3/2012,17.16,17.16,17.26,17.13,130.98K,0.53
2/2/2012,17.07,17.09,17.09,17,390.30K,-0.47
2/1/2012,17.15,17.15,17.21,17.11,213.17K,0.88
1/31/2012,17,17.1,17.1,16.92,259.43K,-0.06
1/30/2012,17.01,16.91,17.01,16.89,256.48K,-0.35
1/27/2012,17.07,17.09,17.17,16.96,303.89K,-0.41
1/26/2012,17.14,17.47,17.47,17.11,415.51K,-1.78
1/25/2012,17.45,17.55,17.55,17.37,231.03K,-0.63
1/24/2012,17.56,17.54,17.6,17.47,224.82K,-0.73
1/23/2012,17.69,17.46,17.73,17.46,221.18K,1.43
1/20/2012,17.44,17.32,17.44,17.28,212.63K,0.69
1/19/2012,17.32,17.12,17.33,17.12,995.30K,1.88
1/18/2012,17,16.84,17.06,16.81,802.98K,0.71
1/17/2012,16.88,16.93,16.95,16.81,528.68K,0.06
1/16/2012,16.87,16.87,16.9,16.84,54.87K,-0.06
1/13/2012,16.88,16.91,16.94,16.81,246.26K,-0.53
1/12/2012,16.97,16.89,16.99,16.82,89.29K,0.77
1/11/2012,16.84,16.83,16.88,16.81,98.80K,0.06
1/10/2012,16.83,16.88,16.94,16.83,97.64K,0.18
1/9/2012,16.8,16.78,16.8,16.69,230.82K,0.18
1/6/2012,16.77,16.78,16.83,16.66,116.62K,-0.3
1/5/2012,16.82,16.82,16.82,16.71,93.29K,-0.24
1/4/2012,16.86,16.8,16.9,16.72,88.77K,0.3
1/3/2012,16.81,16.66,16.84,16.66,77.94K,1.51
12/30/2011,16.56,16.4,16.58,16.4,38.92K,0.85
12/29/2011,16.42,16.36,16.43,16.35,40.36K,0.67
12/28/2011,16.31,16.46,16.46,16.23,42.48K,-0.61
12/23/2011,16.41,16.42,16.5,16.37,57.58K,0
12/22/2011,16.41,16.15,16.41,16.15,120.18K,1.93
12/21/2011,16.1,16.09,16.15,16.06,125.60K,0.06
12/20/2011,16.09,16.09,16.18,16.09,89.43K,0.56
12/19/2011,16,16.03,16.07,15.92,328.76K,-0.19
12/16/2011,16.03,15.77,16.03,15.77,162.87K,1.58
12/15/2011,15.78,15.85,15.89,15.74,76.02K,0
12/14/2011,15.78,15.86,15.95,15.73,37.26K,-0.69
12/13/2011,15.89,15.92,15.99,15.76,560.32K,-0.06
12/12/2011,15.9,15.91,15.92,15.81,78.15K,-0.69
12/9/2011,16.01,15.91,16.05,15.89,93.75K,1.01
12/8/2011,15.85,15.95,16,15.8,160.45K,-0.94
12/7/2011,16,15.84,16.03,15.74,215.76K,0.82
12/6/2011,15.87,15.93,15.95,15.8,154.38K,-1.18
12/5/2011,16.06,16.15,16.2,16.03,150.02K,0.37
12/2/2011,16,16.13,16.13,15.9,57.10K,0.38
12/1/2011,15.94,16.16,16.19,15.86,83.72K,-0.99
11/30/2011,16.1,15.79,16.11,15.79,95.39K,3.94
11/29/2011,15.49,15.35,15.55,15.33,187.49K,0.78
